fetch_url,image_url,run_index,transformation,http_code,content_type,size_download,time_starttransfer,time_total
"https://image-resizer.dev/cdn-cgi/image/f=auto,q=auto/wp-content/uploads/raw/v-1780924250/image-test-1.jpg","wp-content/uploads/raw/v-1780924250/image-test-1.jpg",1,"f=auto,q=auto",200,"image/webp",1534142,0.976665,1.016255
"https://image-resizer.dev/cdn-cgi/image/f=auto,q=auto/wp-content/uploads/raw/v-1780924250/image-test-1.jpg","wp-content/uploads/raw/v-1780924250/image-test-1.jpg",2,"f=auto,q=auto",200,"image/webp",1534142,0.051081,0.090038
"https://image-resizer.dev/cdn-cgi/image/f=auto,q=auto/wp-content/uploads/raw/v-1780924250/image-test-1.jpg","wp-content/uploads/raw/v-1780924250/image-test-1.jpg",3,"f=auto,q=auto",200,"image/webp",1534142,0.057351,0.093017
"https://image-resizer.dev/cdn-cgi/image/f=auto,q=auto/wp-content/uploads/raw/v-1780924250/image-test-1.jpg","wp-content/uploads/raw/v-1780924250/image-test-1.jpg",4,"f=auto,q=auto",200,"image/webp",1534142,0.062580,0.108903
"https://image-resizer.dev/cdn-cgi/image/f=auto,q=auto/wp-content/uploads/raw/v-1780924250/image-test-1.jpg","wp-content/uploads/raw/v-1780924250/image-test-1.jpg",5,"f=auto,q=auto",200,"image/webp",1534142,0.067346,0.104070
"https://image-resizer.dev/cdn-cgi/image/f=auto,q=auto/wp-content/uploads/raw/v-1780924250/image-test-1.jpg","wp-content/uploads/raw/v-1780924250/image-test-1.jpg",6,"f=auto,q=auto",200,"image/webp",1534142,0.060168,0.096325
"https://image-resizer.dev/cdn-cgi/image/f=auto,q=auto/wp-content/uploads/raw/v-1780924250/image-test-1.jpg","wp-content/uploads/raw/v-1780924250/image-test-1.jpg",7,"f=auto,q=auto",200,"image/webp",1534142,0.061846,0.097749
"https://image-resizer.dev/cdn-cgi/image/f=auto,q=auto/wp-content/uploads/raw/v-1780924250/image-test-1.jpg","wp-content/uploads/raw/v-1780924250/image-test-1.jpg",8,"f=auto,q=auto",200,"image/webp",1534142,0.057171,0.092826
"https://image-resizer.dev/cdn-cgi/image/f=auto,q=auto/wp-content/uploads/raw/v-1780924250/image-test-1.jpg","wp-content/uploads/raw/v-1780924250/image-test-1.jpg",9,"f=auto,q=auto",200,"image/webp",1534142,0.048202,0.086375
"https://image-resizer.dev/cdn-cgi/image/f=auto,q=auto/wp-content/uploads/raw/v-1780924250/image-test-1.jpg","wp-content/uploads/raw/v-1780924250/image-test-1.jpg",10,"f=auto,q=auto",200,"image/webp",1534142,0.051917,0.087064
"https://image-resizer.dev/cdn-cgi/image/f=auto,q=auto/wp-content/uploads/raw/v-1780924250/image-test-1.jpg","wp-content/uploads/raw/v-1780924250/image-test-1.jpg",11,"f=auto,q=auto",200,"image/webp",1534142,0.061821,0.097750
"https://image-resizer.dev/cdn-cgi/image/f=auto,q=auto/wp-content/uploads/raw/v-1780924250/image-test-2.jpg","wp-content/uploads/raw/v-1780924250/image-test-2.jpg",1,"f=auto,q=auto",200,"image/webp",2505680,0.586844,0.638469
"https://image-resizer.dev/cdn-cgi/image/f=auto,q=auto/wp-content/uploads/raw/v-1780924250/image-test-2.jpg","wp-content/uploads/raw/v-1780924250/image-test-2.jpg",2,"f=auto,q=auto",200,"image/webp",2505680,0.050499,0.101182
"https://image-resizer.dev/cdn-cgi/image/f=auto,q=auto/wp-content/uploads/raw/v-1780924250/image-test-2.jpg","wp-content/uploads/raw/v-1780924250/image-test-2.jpg",3,"f=auto,q=auto",200,"image/webp",2505680,0.047598,0.106841
"https://image-resizer.dev/cdn-cgi/image/f=auto,q=auto/wp-content/uploads/raw/v-1780924250/image-test-2.jpg","wp-content/uploads/raw/v-1780924250/image-test-2.jpg",4,"f=auto,q=auto",200,"image/webp",2505680,0.069709,0.127571
"https://image-resizer.dev/cdn-cgi/image/f=auto,q=auto/wp-content/uploads/raw/v-1780924250/image-test-2.jpg","wp-content/uploads/raw/v-1780924250/image-test-2.jpg",5,"f=auto,q=auto",200,"image/webp",2505680,0.056125,0.138132
"https://image-resizer.dev/cdn-cgi/image/f=auto,q=auto/wp-content/uploads/raw/v-1780924250/image-test-2.jpg","wp-content/uploads/raw/v-1780924250/image-test-2.jpg",6,"f=auto,q=auto",200,"image/webp",2505680,0.061054,0.111814
"https://image-resizer.dev/cdn-cgi/image/f=auto,q=auto/wp-content/uploads/raw/v-1780924250/image-test-2.jpg","wp-content/uploads/raw/v-1780924250/image-test-2.jpg",7,"f=auto,q=auto",200,"image/webp",2505680,0.063360,0.114880
"https://image-resizer.dev/cdn-cgi/image/f=auto,q=auto/wp-content/uploads/raw/v-1780924250/image-test-2.jpg","wp-content/uploads/raw/v-1780924250/image-test-2.jpg",8,"f=auto,q=auto",200,"image/webp",2505680,0.053069,0.103599
"https://image-resizer.dev/cdn-cgi/image/f=auto,q=auto/wp-content/uploads/raw/v-1780924250/image-test-2.jpg","wp-content/uploads/raw/v-1780924250/image-test-2.jpg",9,"f=auto,q=auto",200,"image/webp",2505680,0.045895,0.098415
"https://image-resizer.dev/cdn-cgi/image/f=auto,q=auto/wp-content/uploads/raw/v-1780924250/image-test-2.jpg","wp-content/uploads/raw/v-1780924250/image-test-2.jpg",10,"f=auto,q=auto",200,"image/webp",2505680,0.047390,0.101670
"https://image-resizer.dev/cdn-cgi/image/f=auto,q=auto/wp-content/uploads/raw/v-1780924250/image-test-2.jpg","wp-content/uploads/raw/v-1780924250/image-test-2.jpg",11,"f=auto,q=auto",200,"image/webp",2505680,0.077034,0.128255
"https://image-resizer.dev/cdn-cgi/image/f=auto,q=auto/wp-content/uploads/raw/v-1780924250/image-test-3.jpg","wp-content/uploads/raw/v-1780924250/image-test-3.jpg",1,"f=auto,q=auto",200,"image/webp",867832,0.779555,0.805541
"https://image-resizer.dev/cdn-cgi/image/f=auto,q=auto/wp-content/uploads/raw/v-1780924250/image-test-3.jpg","wp-content/uploads/raw/v-1780924250/image-test-3.jpg",2,"f=auto,q=auto",200,"image/webp",867832,0.052312,0.086934
"https://image-resizer.dev/cdn-cgi/image/f=auto,q=auto/wp-content/uploads/raw/v-1780924250/image-test-3.jpg","wp-content/uploads/raw/v-1780924250/image-test-3.jpg",3,"f=auto,q=auto",200,"image/webp",867832,0.054294,0.078385
"https://image-resizer.dev/cdn-cgi/image/f=auto,q=auto/wp-content/uploads/raw/v-1780924250/image-test-3.jpg","wp-content/uploads/raw/v-1780924250/image-test-3.jpg",4,"f=auto,q=auto",200,"image/webp",867832,0.057336,0.082289
"https://image-resizer.dev/cdn-cgi/image/f=auto,q=auto/wp-content/uploads/raw/v-1780924250/image-test-3.jpg","wp-content/uploads/raw/v-1780924250/image-test-3.jpg",5,"f=auto,q=auto",200,"image/webp",867832,0.061395,0.085802
"https://image-resizer.dev/cdn-cgi/image/f=auto,q=auto/wp-content/uploads/raw/v-1780924250/image-test-3.jpg","wp-content/uploads/raw/v-1780924250/image-test-3.jpg",6,"f=auto,q=auto",200,"image/webp",867832,0.045077,0.069649
"https://image-resizer.dev/cdn-cgi/image/f=auto,q=auto/wp-content/uploads/raw/v-1780924250/image-test-3.jpg","wp-content/uploads/raw/v-1780924250/image-test-3.jpg",7,"f=auto,q=auto",200,"image/webp",867832,0.055886,0.081528
"https://image-resizer.dev/cdn-cgi/image/f=auto,q=auto/wp-content/uploads/raw/v-1780924250/image-test-3.jpg","wp-content/uploads/raw/v-1780924250/image-test-3.jpg",8,"f=auto,q=auto",200,"image/webp",867832,0.052616,0.076754
"https://image-resizer.dev/cdn-cgi/image/f=auto,q=auto/wp-content/uploads/raw/v-1780924250/image-test-3.jpg","wp-content/uploads/raw/v-1780924250/image-test-3.jpg",9,"f=auto,q=auto",200,"image/webp",867832,0.045677,0.080558
"https://image-resizer.dev/cdn-cgi/image/f=auto,q=auto/wp-content/uploads/raw/v-1780924250/image-test-3.jpg","wp-content/uploads/raw/v-1780924250/image-test-3.jpg",10,"f=auto,q=auto",200,"image/webp",867832,0.050078,0.078986
"https://image-resizer.dev/cdn-cgi/image/f=auto,q=auto/wp-content/uploads/raw/v-1780924250/image-test-3.jpg","wp-content/uploads/raw/v-1780924250/image-test-3.jpg",11,"f=auto,q=auto",200,"image/webp",867832,0.061596,0.086886
"https://image-resizer.dev/cdn-cgi/image/f=auto,q=auto/wp-content/uploads/raw/v-1780924250/image-test-4.jpg","wp-content/uploads/raw/v-1780924250/image-test-4.jpg",1,"f=auto,q=auto",200,"image/jpeg",2047519,1.112728,1.158087
"https://image-resizer.dev/cdn-cgi/image/f=auto,q=auto/wp-content/uploads/raw/v-1780924250/image-test-4.jpg","wp-content/uploads/raw/v-1780924250/image-test-4.jpg",2,"f=auto,q=auto",200,"image/jpeg",2047519,0.046918,0.090801
"https://image-resizer.dev/cdn-cgi/image/f=auto,q=auto/wp-content/uploads/raw/v-1780924250/image-test-4.jpg","wp-content/uploads/raw/v-1780924250/image-test-4.jpg",3,"f=auto,q=auto",200,"image/jpeg",2047519,0.094524,0.138149
"https://image-resizer.dev/cdn-cgi/image/f=auto,q=auto/wp-content/uploads/raw/v-1780924250/image-test-4.jpg","wp-content/uploads/raw/v-1780924250/image-test-4.jpg",4,"f=auto,q=auto",200,"image/jpeg",2047519,0.051008,0.095133
"https://image-resizer.dev/cdn-cgi/image/f=auto,q=auto/wp-content/uploads/raw/v-1780924250/image-test-4.jpg","wp-content/uploads/raw/v-1780924250/image-test-4.jpg",5,"f=auto,q=auto",200,"image/jpeg",2047519,0.054135,0.109401
"https://image-resizer.dev/cdn-cgi/image/f=auto,q=auto/wp-content/uploads/raw/v-1780924250/image-test-4.jpg","wp-content/uploads/raw/v-1780924250/image-test-4.jpg",6,"f=auto,q=auto",200,"image/jpeg",2047519,0.049632,0.095820
"https://image-resizer.dev/cdn-cgi/image/f=auto,q=auto/wp-content/uploads/raw/v-1780924250/image-test-4.jpg","wp-content/uploads/raw/v-1780924250/image-test-4.jpg",7,"f=auto,q=auto",200,"image/jpeg",2047519,0.047657,0.091718
"https://image-resizer.dev/cdn-cgi/image/f=auto,q=auto/wp-content/uploads/raw/v-1780924250/image-test-4.jpg","wp-content/uploads/raw/v-1780924250/image-test-4.jpg",8,"f=auto,q=auto",200,"image/jpeg",2047519,0.048770,0.092944
"https://image-resizer.dev/cdn-cgi/image/f=auto,q=auto/wp-content/uploads/raw/v-1780924250/image-test-4.jpg","wp-content/uploads/raw/v-1780924250/image-test-4.jpg",9,"f=auto,q=auto",200,"image/jpeg",2047519,0.049211,0.092459
"https://image-resizer.dev/cdn-cgi/image/f=auto,q=auto/wp-content/uploads/raw/v-1780924250/image-test-4.jpg","wp-content/uploads/raw/v-1780924250/image-test-4.jpg",10,"f=auto,q=auto",200,"image/jpeg",2047519,0.048601,0.091248
"https://image-resizer.dev/cdn-cgi/image/f=auto,q=auto/wp-content/uploads/raw/v-1780924250/image-test-4.jpg","wp-content/uploads/raw/v-1780924250/image-test-4.jpg",11,"f=auto,q=auto",200,"image/jpeg",2047519,0.045745,0.090522
"https://image-resizer.dev/cdn-cgi/image/f=auto,q=auto/wp-content/uploads/raw/v-1780924250/image-test-5.jpg","wp-content/uploads/raw/v-1780924250/image-test-5.jpg",1,"f=auto,q=auto",200,"image/jpeg",3573077,1.016362,1.085608
"https://image-resizer.dev/cdn-cgi/image/f=auto,q=auto/wp-content/uploads/raw/v-1780924250/image-test-5.jpg","wp-content/uploads/raw/v-1780924250/image-test-5.jpg",2,"f=auto,q=auto",200,"image/jpeg",3573077,0.138370,0.209766
"https://image-resizer.dev/cdn-cgi/image/f=auto,q=auto/wp-content/uploads/raw/v-1780924250/image-test-5.jpg","wp-content/uploads/raw/v-1780924250/image-test-5.jpg",3,"f=auto,q=auto",200,"image/jpeg",3573077,0.050649,0.119702
"https://image-resizer.dev/cdn-cgi/image/f=auto,q=auto/wp-content/uploads/raw/v-1780924250/image-test-5.jpg","wp-content/uploads/raw/v-1780924250/image-test-5.jpg",4,"f=auto,q=auto",200,"image/jpeg",3573077,0.052829,0.124138
"https://image-resizer.dev/cdn-cgi/image/f=auto,q=auto/wp-content/uploads/raw/v-1780924250/image-test-5.jpg","wp-content/uploads/raw/v-1780924250/image-test-5.jpg",5,"f=auto,q=auto",200,"image/jpeg",3573077,0.047672,0.119966
"https://image-resizer.dev/cdn-cgi/image/f=auto,q=auto/wp-content/uploads/raw/v-1780924250/image-test-5.jpg","wp-content/uploads/raw/v-1780924250/image-test-5.jpg",6,"f=auto,q=auto",200,"image/jpeg",3573077,0.052358,0.124936
"https://image-resizer.dev/cdn-cgi/image/f=auto,q=auto/wp-content/uploads/raw/v-1780924250/image-test-5.jpg","wp-content/uploads/raw/v-1780924250/image-test-5.jpg",7,"f=auto,q=auto",200,"image/jpeg",3573077,0.053336,0.121572
"https://image-resizer.dev/cdn-cgi/image/f=auto,q=auto/wp-content/uploads/raw/v-1780924250/image-test-5.jpg","wp-content/uploads/raw/v-1780924250/image-test-5.jpg",8,"f=auto,q=auto",200,"image/jpeg",3573077,0.047592,0.119149
"https://image-resizer.dev/cdn-cgi/image/f=auto,q=auto/wp-content/uploads/raw/v-1780924250/image-test-5.jpg","wp-content/uploads/raw/v-1780924250/image-test-5.jpg",9,"f=auto,q=auto",200,"image/jpeg",3573077,0.049182,0.118144
"https://image-resizer.dev/cdn-cgi/image/f=auto,q=auto/wp-content/uploads/raw/v-1780924250/image-test-5.jpg","wp-content/uploads/raw/v-1780924250/image-test-5.jpg",10,"f=auto,q=auto",200,"image/jpeg",3573077,0.070411,0.139895
"https://image-resizer.dev/cdn-cgi/image/f=auto,q=auto/wp-content/uploads/raw/v-1780924250/image-test-5.jpg","wp-content/uploads/raw/v-1780924250/image-test-5.jpg",11,"f=auto,q=auto",200,"image/jpeg",3573077,0.056191,0.125101
"https://image-resizer.dev/cdn-cgi/image/f=auto,q=auto/wp-content/uploads/raw/v-1780924250/image-test-6.jpg","wp-content/uploads/raw/v-1780924250/image-test-6.jpg",1,"f=auto,q=auto",200,"image/jpeg",2207833,0.623146,0.701168
"https://image-resizer.dev/cdn-cgi/image/f=auto,q=auto/wp-content/uploads/raw/v-1780924250/image-test-6.jpg","wp-content/uploads/raw/v-1780924250/image-test-6.jpg",2,"f=auto,q=auto",200,"image/jpeg",2207833,0.049767,0.099772
"https://image-resizer.dev/cdn-cgi/image/f=auto,q=auto/wp-content/uploads/raw/v-1780924250/image-test-6.jpg","wp-content/uploads/raw/v-1780924250/image-test-6.jpg",3,"f=auto,q=auto",200,"image/jpeg",2207833,0.047561,0.094727
"https://image-resizer.dev/cdn-cgi/image/f=auto,q=auto/wp-content/uploads/raw/v-1780924250/image-test-6.jpg","wp-content/uploads/raw/v-1780924250/image-test-6.jpg",4,"f=auto,q=auto",200,"image/jpeg",2207833,0.060934,0.119834
"https://image-resizer.dev/cdn-cgi/image/f=auto,q=auto/wp-content/uploads/raw/v-1780924250/image-test-6.jpg","wp-content/uploads/raw/v-1780924250/image-test-6.jpg",5,"f=auto,q=auto",200,"image/jpeg",2207833,0.098323,0.144341
"https://image-resizer.dev/cdn-cgi/image/f=auto,q=auto/wp-content/uploads/raw/v-1780924250/image-test-6.jpg","wp-content/uploads/raw/v-1780924250/image-test-6.jpg",6,"f=auto,q=auto",200,"image/jpeg",2207833,0.054156,0.102949
"https://image-resizer.dev/cdn-cgi/image/f=auto,q=auto/wp-content/uploads/raw/v-1780924250/image-test-6.jpg","wp-content/uploads/raw/v-1780924250/image-test-6.jpg",7,"f=auto,q=auto",200,"image/jpeg",2207833,0.052817,0.100264
"https://image-resizer.dev/cdn-cgi/image/f=auto,q=auto/wp-content/uploads/raw/v-1780924250/image-test-6.jpg","wp-content/uploads/raw/v-1780924250/image-test-6.jpg",8,"f=auto,q=auto",200,"image/jpeg",2207833,0.048947,0.096406
"https://image-resizer.dev/cdn-cgi/image/f=auto,q=auto/wp-content/uploads/raw/v-1780924250/image-test-6.jpg","wp-content/uploads/raw/v-1780924250/image-test-6.jpg",9,"f=auto,q=auto",200,"image/jpeg",2207833,0.053797,0.107845
"https://image-resizer.dev/cdn-cgi/image/f=auto,q=auto/wp-content/uploads/raw/v-1780924250/image-test-6.jpg","wp-content/uploads/raw/v-1780924250/image-test-6.jpg",10,"f=auto,q=auto",200,"image/jpeg",2207833,0.050170,0.099119
"https://image-resizer.dev/cdn-cgi/image/f=auto,q=auto/wp-content/uploads/raw/v-1780924250/image-test-6.jpg","wp-content/uploads/raw/v-1780924250/image-test-6.jpg",11,"f=auto,q=auto",200,"image/jpeg",2207833,0.046813,0.093371
"https://image-resizer.dev/cdn-cgi/image/f=auto,q=auto/wp-content/uploads/raw/v-1780924250/image-test-7.jpg","wp-content/uploads/raw/v-1780924250/image-test-7.jpg",1,"f=auto,q=auto",200,"image/webp",1252864,0.663882,0.696442
"https://image-resizer.dev/cdn-cgi/image/f=auto,q=auto/wp-content/uploads/raw/v-1780924250/image-test-7.jpg","wp-content/uploads/raw/v-1780924250/image-test-7.jpg",2,"f=auto,q=auto",200,"image/webp",1252864,0.056100,0.086501
"https://image-resizer.dev/cdn-cgi/image/f=auto,q=auto/wp-content/uploads/raw/v-1780924250/image-test-7.jpg","wp-content/uploads/raw/v-1780924250/image-test-7.jpg",3,"f=auto,q=auto",200,"image/webp",1252864,0.054966,0.086519
"https://image-resizer.dev/cdn-cgi/image/f=auto,q=auto/wp-content/uploads/raw/v-1780924250/image-test-7.jpg","wp-content/uploads/raw/v-1780924250/image-test-7.jpg",4,"f=auto,q=auto",200,"image/webp",1252864,0.054826,0.086086
"https://image-resizer.dev/cdn-cgi/image/f=auto,q=auto/wp-content/uploads/raw/v-1780924250/image-test-7.jpg","wp-content/uploads/raw/v-1780924250/image-test-7.jpg",5,"f=auto,q=auto",200,"image/webp",1252864,0.049224,0.082026
"https://image-resizer.dev/cdn-cgi/image/f=auto,q=auto/wp-content/uploads/raw/v-1780924250/image-test-7.jpg","wp-content/uploads/raw/v-1780924250/image-test-7.jpg",6,"f=auto,q=auto",200,"image/webp",1252864,0.069093,0.106803
"https://image-resizer.dev/cdn-cgi/image/f=auto,q=auto/wp-content/uploads/raw/v-1780924250/image-test-7.jpg","wp-content/uploads/raw/v-1780924250/image-test-7.jpg",7,"f=auto,q=auto",200,"image/webp",1252864,0.053196,0.084090
"https://image-resizer.dev/cdn-cgi/image/f=auto,q=auto/wp-content/uploads/raw/v-1780924250/image-test-7.jpg","wp-content/uploads/raw/v-1780924250/image-test-7.jpg",8,"f=auto,q=auto",200,"image/webp",1252864,0.052631,0.083335
"https://image-resizer.dev/cdn-cgi/image/f=auto,q=auto/wp-content/uploads/raw/v-1780924250/image-test-7.jpg","wp-content/uploads/raw/v-1780924250/image-test-7.jpg",9,"f=auto,q=auto",200,"image/webp",1252864,0.057651,0.091538
"https://image-resizer.dev/cdn-cgi/image/f=auto,q=auto/wp-content/uploads/raw/v-1780924250/image-test-7.jpg","wp-content/uploads/raw/v-1780924250/image-test-7.jpg",10,"f=auto,q=auto",200,"image/webp",1252864,0.045822,0.085900
"https://image-resizer.dev/cdn-cgi/image/f=auto,q=auto/wp-content/uploads/raw/v-1780924250/image-test-7.jpg","wp-content/uploads/raw/v-1780924250/image-test-7.jpg",11,"f=auto,q=auto",200,"image/webp",1252864,0.043929,0.074921
"https://image-resizer.dev/cdn-cgi/image/f=auto,q=auto/wp-content/uploads/raw/v-1780924250/image-test-8.jpg","wp-content/uploads/raw/v-1780924250/image-test-8.jpg",1,"f=auto,q=auto",200,"image/jpeg",3717829,1.211220,1.296696
"https://image-resizer.dev/cdn-cgi/image/f=auto,q=auto/wp-content/uploads/raw/v-1780924250/image-test-8.jpg","wp-content/uploads/raw/v-1780924250/image-test-8.jpg",2,"f=auto,q=auto",200,"image/jpeg",3717829,0.056511,0.128479
"https://image-resizer.dev/cdn-cgi/image/f=auto,q=auto/wp-content/uploads/raw/v-1780924250/image-test-8.jpg","wp-content/uploads/raw/v-1780924250/image-test-8.jpg",3,"f=auto,q=auto",200,"image/jpeg",3717829,0.049627,0.128164
"https://image-resizer.dev/cdn-cgi/image/f=auto,q=auto/wp-content/uploads/raw/v-1780924250/image-test-8.jpg","wp-content/uploads/raw/v-1780924250/image-test-8.jpg",4,"f=auto,q=auto",200,"image/jpeg",3717829,0.054865,0.126438
"https://image-resizer.dev/cdn-cgi/image/f=auto,q=auto/wp-content/uploads/raw/v-1780924250/image-test-8.jpg","wp-content/uploads/raw/v-1780924250/image-test-8.jpg",5,"f=auto,q=auto",200,"image/jpeg",3717829,0.064650,0.139754
"https://image-resizer.dev/cdn-cgi/image/f=auto,q=auto/wp-content/uploads/raw/v-1780924250/image-test-8.jpg","wp-content/uploads/raw/v-1780924250/image-test-8.jpg",6,"f=auto,q=auto",200,"image/jpeg",3717829,0.055866,0.126428
"https://image-resizer.dev/cdn-cgi/image/f=auto,q=auto/wp-content/uploads/raw/v-1780924250/image-test-8.jpg","wp-content/uploads/raw/v-1780924250/image-test-8.jpg",7,"f=auto,q=auto",200,"image/jpeg",3717829,0.053247,0.125062
"https://image-resizer.dev/cdn-cgi/image/f=auto,q=auto/wp-content/uploads/raw/v-1780924250/image-test-8.jpg","wp-content/uploads/raw/v-1780924250/image-test-8.jpg",8,"f=auto,q=auto",200,"image/jpeg",3717829,0.087366,0.164019
"https://image-resizer.dev/cdn-cgi/image/f=auto,q=auto/wp-content/uploads/raw/v-1780924250/image-test-8.jpg","wp-content/uploads/raw/v-1780924250/image-test-8.jpg",9,"f=auto,q=auto",200,"image/jpeg",3717829,0.056389,0.130731
"https://image-resizer.dev/cdn-cgi/image/f=auto,q=auto/wp-content/uploads/raw/v-1780924250/image-test-8.jpg","wp-content/uploads/raw/v-1780924250/image-test-8.jpg",10,"f=auto,q=auto",200,"image/jpeg",3717829,0.063638,0.135751
"https://image-resizer.dev/cdn-cgi/image/f=auto,q=auto/wp-content/uploads/raw/v-1780924250/image-test-8.jpg","wp-content/uploads/raw/v-1780924250/image-test-8.jpg",11,"f=auto,q=auto",200,"image/jpeg",3717829,0.055012,0.177677
"https://image-resizer.dev/cdn-cgi/image/f=auto,q=auto/wp-content/uploads/raw/v-1780924250/image-test-9.png","wp-content/uploads/raw/v-1780924250/image-test-9.png",1,"f=auto,q=auto",200,"image/webp",4504690,0.851144,0.940689
"https://image-resizer.dev/cdn-cgi/image/f=auto,q=auto/wp-content/uploads/raw/v-1780924250/image-test-9.png","wp-content/uploads/raw/v-1780924250/image-test-9.png",2,"f=auto,q=auto",200,"image/webp",4504690,0.049203,0.134175
"https://image-resizer.dev/cdn-cgi/image/f=auto,q=auto/wp-content/uploads/raw/v-1780924250/image-test-9.png","wp-content/uploads/raw/v-1780924250/image-test-9.png",3,"f=auto,q=auto",200,"image/webp",4504690,0.068118,0.152922
"https://image-resizer.dev/cdn-cgi/image/f=auto,q=auto/wp-content/uploads/raw/v-1780924250/image-test-9.png","wp-content/uploads/raw/v-1780924250/image-test-9.png",4,"f=auto,q=auto",200,"image/webp",4504690,0.064404,0.150100
"https://image-resizer.dev/cdn-cgi/image/f=auto,q=auto/wp-content/uploads/raw/v-1780924250/image-test-9.png","wp-content/uploads/raw/v-1780924250/image-test-9.png",5,"f=auto,q=auto",200,"image/webp",4504690,0.064516,0.149356
"https://image-resizer.dev/cdn-cgi/image/f=auto,q=auto/wp-content/uploads/raw/v-1780924250/image-test-9.png","wp-content/uploads/raw/v-1780924250/image-test-9.png",6,"f=auto,q=auto",200,"image/webp",4504690,0.491800,0.844199
"https://image-resizer.dev/cdn-cgi/image/f=auto,q=auto/wp-content/uploads/raw/v-1780924250/image-test-9.png","wp-content/uploads/raw/v-1780924250/image-test-9.png",7,"f=auto,q=auto",200,"image/webp",4504690,0.049284,0.135296
"https://image-resizer.dev/cdn-cgi/image/f=auto,q=auto/wp-content/uploads/raw/v-1780924250/image-test-9.png","wp-content/uploads/raw/v-1780924250/image-test-9.png",8,"f=auto,q=auto",200,"image/webp",4504690,0.046893,0.138701
"https://image-resizer.dev/cdn-cgi/image/f=auto,q=auto/wp-content/uploads/raw/v-1780924250/image-test-9.png","wp-content/uploads/raw/v-1780924250/image-test-9.png",9,"f=auto,q=auto",200,"image/webp",4504690,0.061779,0.146768
"https://image-resizer.dev/cdn-cgi/image/f=auto,q=auto/wp-content/uploads/raw/v-1780924250/image-test-9.png","wp-content/uploads/raw/v-1780924250/image-test-9.png",10,"f=auto,q=auto",200,"image/webp",4504690,0.056647,0.142073
"https://image-resizer.dev/cdn-cgi/image/f=auto,q=auto/wp-content/uploads/raw/v-1780924250/image-test-9.png","wp-content/uploads/raw/v-1780924250/image-test-9.png",11,"f=auto,q=auto",200,"image/webp",4504690,0.067498,0.151146
"https://image-resizer.dev/cdn-cgi/image/f=auto,q=auto/wp-content/uploads/raw/v-1780924250/image-test-10.png","wp-content/uploads/raw/v-1780924250/image-test-10.png",1,"f=auto,q=auto",200,"image/avif",268158,0.569529,0.582494
"https://image-resizer.dev/cdn-cgi/image/f=auto,q=auto/wp-content/uploads/raw/v-1780924250/image-test-10.png","wp-content/uploads/raw/v-1780924250/image-test-10.png",2,"f=auto,q=auto",200,"image/avif",268158,0.058617,0.072145
"https://image-resizer.dev/cdn-cgi/image/f=auto,q=auto/wp-content/uploads/raw/v-1780924250/image-test-10.png","wp-content/uploads/raw/v-1780924250/image-test-10.png",3,"f=auto,q=auto",200,"image/avif",268158,0.046950,0.060329
"https://image-resizer.dev/cdn-cgi/image/f=auto,q=auto/wp-content/uploads/raw/v-1780924250/image-test-10.png","wp-content/uploads/raw/v-1780924250/image-test-10.png",4,"f=auto,q=auto",200,"image/avif",268158,0.043956,0.056778
"https://image-resizer.dev/cdn-cgi/image/f=auto,q=auto/wp-content/uploads/raw/v-1780924250/image-test-10.png","wp-content/uploads/raw/v-1780924250/image-test-10.png",5,"f=auto,q=auto",200,"image/avif",268158,0.049719,0.063113
"https://image-resizer.dev/cdn-cgi/image/f=auto,q=auto/wp-content/uploads/raw/v-1780924250/image-test-10.png","wp-content/uploads/raw/v-1780924250/image-test-10.png",6,"f=auto,q=auto",200,"image/avif",268158,0.045516,0.058665
"https://image-resizer.dev/cdn-cgi/image/f=auto,q=auto/wp-content/uploads/raw/v-1780924250/image-test-10.png","wp-content/uploads/raw/v-1780924250/image-test-10.png",7,"f=auto,q=auto",200,"image/avif",268158,0.048158,0.060986
"https://image-resizer.dev/cdn-cgi/image/f=auto,q=auto/wp-content/uploads/raw/v-1780924250/image-test-10.png","wp-content/uploads/raw/v-1780924250/image-test-10.png",8,"f=auto,q=auto",200,"image/avif",268158,0.060987,0.074411
"https://image-resizer.dev/cdn-cgi/image/f=auto,q=auto/wp-content/uploads/raw/v-1780924250/image-test-10.png","wp-content/uploads/raw/v-1780924250/image-test-10.png",9,"f=auto,q=auto",200,"image/avif",268158,0.047117,0.060309
"https://image-resizer.dev/cdn-cgi/image/f=auto,q=auto/wp-content/uploads/raw/v-1780924250/image-test-10.png","wp-content/uploads/raw/v-1780924250/image-test-10.png",10,"f=auto,q=auto",200,"image/avif",268158,0.051077,0.067121
"https://image-resizer.dev/cdn-cgi/image/f=auto,q=auto/wp-content/uploads/raw/v-1780924250/image-test-10.png","wp-content/uploads/raw/v-1780924250/image-test-10.png",11,"f=auto,q=auto",200,"image/avif",268158,0.046601,0.063494
"https://image-resizer.dev/cdn-cgi/image/f=auto,q=auto/wp-content/uploads/raw/v-1780924250/image-test-11.png","wp-content/uploads/raw/v-1780924250/image-test-11.png",1,"f=auto,q=auto",200,"image/png",23484440,1.615428,2.152308
"https://image-resizer.dev/cdn-cgi/image/f=auto,q=auto/wp-content/uploads/raw/v-1780924250/image-test-11.png","wp-content/uploads/raw/v-1780924250/image-test-11.png",2,"f=auto,q=auto",200,"image/png",23484440,0.045283,0.445352
"https://image-resizer.dev/cdn-cgi/image/f=auto,q=auto/wp-content/uploads/raw/v-1780924250/image-test-11.png","wp-content/uploads/raw/v-1780924250/image-test-11.png",3,"f=auto,q=auto",200,"image/png",23484440,0.060822,0.465893
"https://image-resizer.dev/cdn-cgi/image/f=auto,q=auto/wp-content/uploads/raw/v-1780924250/image-test-11.png","wp-content/uploads/raw/v-1780924250/image-test-11.png",4,"f=auto,q=auto",200,"image/png",23484440,0.050013,0.453214
"https://image-resizer.dev/cdn-cgi/image/f=auto,q=auto/wp-content/uploads/raw/v-1780924250/image-test-11.png","wp-content/uploads/raw/v-1780924250/image-test-11.png",5,"f=auto,q=auto",200,"image/png",23484440,0.054426,0.455249
"https://image-resizer.dev/cdn-cgi/image/f=auto,q=auto/wp-content/uploads/raw/v-1780924250/image-test-11.png","wp-content/uploads/raw/v-1780924250/image-test-11.png",6,"f=auto,q=auto",200,"image/png",23484440,0.075887,0.475304
"https://image-resizer.dev/cdn-cgi/image/f=auto,q=auto/wp-content/uploads/raw/v-1780924250/image-test-11.png","wp-content/uploads/raw/v-1780924250/image-test-11.png",7,"f=auto,q=auto",200,"image/png",23484440,0.073561,0.475292
"https://image-resizer.dev/cdn-cgi/image/f=auto,q=auto/wp-content/uploads/raw/v-1780924250/image-test-11.png","wp-content/uploads/raw/v-1780924250/image-test-11.png",8,"f=auto,q=auto",200,"image/png",23484440,0.044836,0.449675
"https://image-resizer.dev/cdn-cgi/image/f=auto,q=auto/wp-content/uploads/raw/v-1780924250/image-test-11.png","wp-content/uploads/raw/v-1780924250/image-test-11.png",9,"f=auto,q=auto",200,"image/png",23484440,0.048226,0.467648
"https://image-resizer.dev/cdn-cgi/image/f=auto,q=auto/wp-content/uploads/raw/v-1780924250/image-test-11.png","wp-content/uploads/raw/v-1780924250/image-test-11.png",10,"f=auto,q=auto",200,"image/png",23484440,0.053326,0.455517
"https://image-resizer.dev/cdn-cgi/image/f=auto,q=auto/wp-content/uploads/raw/v-1780924250/image-test-11.png","wp-content/uploads/raw/v-1780924250/image-test-11.png",11,"f=auto,q=auto",200,"image/png",23484440,0.056957,0.459495
"https://image-resizer.dev/cdn-cgi/image/f=auto,q=auto/wp-content/uploads/raw/v-1780924250/image-test-12.png","wp-content/uploads/raw/v-1780924250/image-test-12.png",1,"f=auto,q=auto",200,"image/png",3255402,0.992734,1.060568
"https://image-resizer.dev/cdn-cgi/image/f=auto,q=auto/wp-content/uploads/raw/v-1780924250/image-test-12.png","wp-content/uploads/raw/v-1780924250/image-test-12.png",2,"f=auto,q=auto",200,"image/png",3255402,0.047620,0.110657
"https://image-resizer.dev/cdn-cgi/image/f=auto,q=auto/wp-content/uploads/raw/v-1780924250/image-test-12.png","wp-content/uploads/raw/v-1780924250/image-test-12.png",3,"f=auto,q=auto",200,"image/png",3255402,0.050883,0.124102
"https://image-resizer.dev/cdn-cgi/image/f=auto,q=auto/wp-content/uploads/raw/v-1780924250/image-test-12.png","wp-content/uploads/raw/v-1780924250/image-test-12.png",4,"f=auto,q=auto",200,"image/png",3255402,0.045169,0.109218
"https://image-resizer.dev/cdn-cgi/image/f=auto,q=auto/wp-content/uploads/raw/v-1780924250/image-test-12.png","wp-content/uploads/raw/v-1780924250/image-test-12.png",5,"f=auto,q=auto",200,"image/png",3255402,0.058271,0.127605
"https://image-resizer.dev/cdn-cgi/image/f=auto,q=auto/wp-content/uploads/raw/v-1780924250/image-test-12.png","wp-content/uploads/raw/v-1780924250/image-test-12.png",6,"f=auto,q=auto",200,"image/png",3255402,0.051059,0.116008
"https://image-resizer.dev/cdn-cgi/image/f=auto,q=auto/wp-content/uploads/raw/v-1780924250/image-test-12.png","wp-content/uploads/raw/v-1780924250/image-test-12.png",7,"f=auto,q=auto",200,"image/png",3255402,0.055347,0.122046
"https://image-resizer.dev/cdn-cgi/image/f=auto,q=auto/wp-content/uploads/raw/v-1780924250/image-test-12.png","wp-content/uploads/raw/v-1780924250/image-test-12.png",8,"f=auto,q=auto",200,"image/png",3255402,0.063932,0.136746
"https://image-resizer.dev/cdn-cgi/image/f=auto,q=auto/wp-content/uploads/raw/v-1780924250/image-test-12.png","wp-content/uploads/raw/v-1780924250/image-test-12.png",9,"f=auto,q=auto",200,"image/png",3255402,0.053879,0.116777
"https://image-resizer.dev/cdn-cgi/image/f=auto,q=auto/wp-content/uploads/raw/v-1780924250/image-test-12.png","wp-content/uploads/raw/v-1780924250/image-test-12.png",10,"f=auto,q=auto",200,"image/png",3255402,0.046648,0.120653
"https://image-resizer.dev/cdn-cgi/image/f=auto,q=auto/wp-content/uploads/raw/v-1780924250/image-test-12.png","wp-content/uploads/raw/v-1780924250/image-test-12.png",11,"f=auto,q=auto",200,"image/png",3255402,0.048311,0.113374