solution,image_id,run,http_code,content_type,size_download,time_starttransfer,time_total,average_ttfb,average_tt,size [kb],compress-ratio
Cloudflare,image-test-1.jpg,1,200,image/webp,1534142,"2,623537","2,639361","0,1437063","0,1563573","1534,142","101,41%"
Cloudflare,image-test-1.jpg,2,200,image/webp,1534142,"0,166273","0,177345",,,"1534,142",
Cloudflare,image-test-1.jpg,3,200,image/webp,1534142,"0,106545","0,114379",,,"1534,142",
Cloudflare,image-test-1.jpg,4,200,image/webp,1534142,"0,118744","0,142323",,,"1534,142",
Cloudflare,image-test-1.jpg,5,200,image/webp,1534142,"0,20697","0,234119",,,"1534,142",
Cloudflare,image-test-1.jpg,6,200,image/webp,1534142,"0,121911","0,129561",,,"1534,142",
Cloudflare,image-test-1.jpg,7,200,image/webp,1534142,"0,118163","0,125555",,,"1534,142",
Cloudflare,image-test-1.jpg,8,200,image/webp,1534142,"0,132266","0,144204",,,"1534,142",
Cloudflare,image-test-1.jpg,9,200,image/webp,1534142,"0,193064","0,202597",,,"1534,142",
Cloudflare,image-test-1.jpg,10,200,image/webp,1534142,"0,159049","0,169108",,,"1534,142",
Cloudflare,image-test-1.jpg,11,200,image/webp,1534142,"0,114078","0,124382",,,"1534,142",
Cloudflare,image-test-2.jpg,1,200,image/webp,2505680,"2,231835","2,262003","0,1085724","0,1251509","2505,68","110,50%"
Cloudflare,image-test-2.jpg,2,200,image/webp,2505680,"0,09361","0,108913",,,"2505,68",
Cloudflare,image-test-2.jpg,3,200,image/webp,2505680,"0,109318","0,123345",,,"2505,68",
Cloudflare,image-test-2.jpg,4,200,image/webp,2505680,"0,088423","0,102888",,,"2505,68",
Cloudflare,image-test-2.jpg,5,200,image/webp,2505680,"0,103097","0,151806",,,"2505,68",
Cloudflare,image-test-2.jpg,6,200,image/webp,2505680,"0,107399","0,119756",,,"2505,68",
Cloudflare,image-test-2.jpg,7,200,image/webp,2505680,"0,093039","0,103276",,,"2505,68",
Cloudflare,image-test-2.jpg,8,200,image/webp,2505680,"0,190454","0,2046",,,"2505,68",
Cloudflare,image-test-2.jpg,9,200,image/webp,2505680,"0,086694","0,097845",,,"2601,624",
Cloudflare,image-test-2.jpg,10,200,image/webp,2505680,"0,105192","0,117079",,,"2505,68",
Cloudflare,image-test-2.jpg,11,200,image/webp,2505680,"0,108498","0,122001",,,"2505,68",
Cloudflare,image-test-3.jpg,1,200,image/webp,867832,"2,122258","2,127076",,,"867,832","27,75%"
Cloudflare,image-test-3.jpg,2,200,image/webp,867832,"0,103316","0,120112","0,1185444","0,1273144","867,832",
Cloudflare,image-test-3.jpg,3,200,image/webp,867832,"0,20454","0,209471",,,"867,832",
Cloudflare,image-test-3.jpg,4,200,image/webp,867832,"0,121557","0,128872",,,"867,832",
Cloudflare,image-test-3.jpg,5,200,image/webp,867832,"0,095578","0,101385",,,"867,832",
Cloudflare,image-test-3.jpg,6,200,image/webp,867832,"0,104693","0,114954",,,"867,832",
Cloudflare,image-test-3.jpg,7,200,image/webp,867832,"0,105134","0,115298",,,"867,832",
Cloudflare,image-test-3.jpg,8,200,image/webp,867832,"0,131652","0,138123",,,"867,832",
Cloudflare,image-test-3.jpg,9,200,image/webp,867832,"0,098565","0,108935",,,"867,832",
Cloudflare,image-test-3.jpg,10,200,image/webp,867832,"0,12898","0,135774",,,"867,832",
Cloudflare,image-test-3.jpg,11,200,image/webp,867832,"0,091429","0,10022",,,"867,832",
Cloudflare,image-test-4.jpg,1,200,image/jpeg,2047519,"2,602035","2,61542",,,"2047,519","34,83%"
Cloudflare,image-test-4.jpg,2,200,image/jpeg,2047519,"0,100983","0,113237","0,1072068","0,1259915","2047,519",
Cloudflare,image-test-4.jpg,3,200,image/jpeg,2047519,"0,102842","0,134984",,,"2047,519",
Cloudflare,image-test-4.jpg,4,200,image/jpeg,2047519,"0,092138","0,103336",,,"2047,519",
Cloudflare,image-test-4.jpg,5,200,image/jpeg,2047519,"0,111037","0,136835",,,"2047,519",
Cloudflare,image-test-4.jpg,6,200,image/jpeg,2047519,"0,113986","0,131826",,,"2047,519",
Cloudflare,image-test-4.jpg,7,200,image/jpeg,2047519,"0,090844","0,120012",,,"2047,519",
Cloudflare,image-test-4.jpg,8,200,image/jpeg,2047519,"0,097427","0,107077",,,"2047,519",
Cloudflare,image-test-4.jpg,9,200,image/jpeg,2047519,"0,087837","0,0964",,,"2047,519",
Cloudflare,image-test-4.jpg,10,200,image/jpeg,2047519,"0,12278","0,137316",,,"2047,519",
Cloudflare,image-test-4.jpg,11,200,image/jpeg,2047519,"0,152194","0,178892",,,"2047,519",
Cloudflare,image-test-5.jpg,1,200,image/jpeg,3573077,"2,856373","2,887514",,,"3573,077","54,78%"
Cloudflare,image-test-5.jpg,2,200,image/jpeg,3573077,"0,130489","0,14682","0,1197598","0,1440037","3573,077",
Cloudflare,image-test-5.jpg,3,200,image/jpeg,3573077,"0,105908","0,125227",,,"3573,077",
Cloudflare,image-test-5.jpg,4,200,image/jpeg,3573077,"0,107483","0,123726",,,"3573,077",
Cloudflare,image-test-5.jpg,5,200,image/jpeg,3573077,"0,124425","0,143457",,,"3573,077",
Cloudflare,image-test-5.jpg,6,200,image/jpeg,3573077,"0,114076","0,134643",,,"3573,077",
Cloudflare,image-test-5.jpg,7,200,image/jpeg,3573077,"0,100061","0,122205",,,"3573,077",
Cloudflare,image-test-5.jpg,8,200,image/jpeg,3573077,"0,120171","0,149942",,,"3573,077",
Cloudflare,image-test-5.jpg,9,200,image/jpeg,3573077,"0,169111","0,185048",,,"3573,077",
Cloudflare,image-test-5.jpg,10,200,image/jpeg,3573077,"0,101374","0,120408",,,"3573,077",
Cloudflare,image-test-5.jpg,11,200,image/jpeg,3573077,"0,1245","0,188561",,,"3573,077",
Cloudflare,image-test-6.jpg,1,200,image/jpeg,2207833,"3,209512","3,218279",,,"2207,833","33,02%"
Cloudflare,image-test-6.jpg,2,200,image/jpeg,2207833,"0,105899","0,117061","0,1129199","0,126463","2207,833",
Cloudflare,image-test-6.jpg,3,200,image/jpeg,2207833,"0,108036","0,119925",,,"2207,833",
Cloudflare,image-test-6.jpg,4,200,image/jpeg,2207833,"0,215893","0,227324",,,"2207,833",
Cloudflare,image-test-6.jpg,5,200,image/jpeg,2207833,"0,099062","0,111194",,,"2207,833",
Cloudflare,image-test-6.jpg,6,200,image/jpeg,2207833,"0,113524","0,122651",,,"2207,833",
Cloudflare,image-test-6.jpg,7,200,image/jpeg,2207833,"0,095044","0,119927",,,"2207,833",
Cloudflare,image-test-6.jpg,8,200,image/jpeg,2207833,"0,098063","0,108114",,,"2207,833",
Cloudflare,image-test-6.jpg,9,200,image/jpeg,2207833,"0,080572","0,091138",,,"2207,833",
Cloudflare,image-test-6.jpg,10,200,image/jpeg,2207833,"0,109587","0,124644",,,"2207,833",
Cloudflare,image-test-6.jpg,11,200,image/jpeg,2207833,"0,103519","0,122652",,,"2207,833",
Cloudflare,image-test-7.jpg,1,200,image/webp,1252864,"2,456705","2,462541",,,"1252,864","14,97%"
Cloudflare,image-test-7.jpg,2,200,image/webp,1252864,"0,101425","0,112157","0,1131082","0,1221549","1252,864",
Cloudflare,image-test-7.jpg,3,200,image/webp,1252864,"0,099291","0,110347",,,"1252,864",
Cloudflare,image-test-7.jpg,4,200,image/webp,1252864,"0,134876","0,145778",,,"1252,864",
Cloudflare,image-test-7.jpg,5,200,image/webp,1252864,"0,099335","0,109817",,,"1252,864",
Cloudflare,image-test-7.jpg,6,200,image/webp,1252864,"0,103338","0,111121",,,"1252,864",
Cloudflare,image-test-7.jpg,7,200,image/webp,1252864,"0,108485","0,114654",,,"1252,864",
Cloudflare,image-test-7.jpg,8,200,image/webp,1252864,"0,123003","0,136235",,,"1252,864",
Cloudflare,image-test-7.jpg,9,200,image/webp,1252864,"0,183603","0,192053",,,"1252,864",
Cloudflare,image-test-7.jpg,10,200,image/webp,1252864,"0,097586","0,103572",,,"1252,864",
Cloudflare,image-test-7.jpg,11,200,image/webp,1252864,"0,08014","0,085815",,,"1252,864",
Cloudflare,image-test-8.jpg,1,307,text/plain;charset=UTF-8,44,"6,85589","6,855989",,,"0,044","0,00%"
Cloudflare,image-test-8.jpg,2,200,image/jpeg,3717829,"6,088794","6,111622","0,7071213","0,7287902","0,044",
Cloudflare,image-test-8.jpg,3,200,image/jpeg,3717829,"0,118797","0,134885",,,"3717,829",
Cloudflare,image-test-8.jpg,4,200,image/jpeg,3717829,"0,097382","0,112504",,,"3717,829",
Cloudflare,image-test-8.jpg,5,200,image/jpeg,3717829,"0,168933","0,189598",,,"3717,829",
Cloudflare,image-test-8.jpg,6,200,image/jpeg,3717829,"0,109734","0,126893",,,"3717,829",
Cloudflare,image-test-8.jpg,7,200,image/jpeg,3717829,"0,090739","0,107939",,,"3717,829",
Cloudflare,image-test-8.jpg,8,200,image/jpeg,3717829,"0,110266","0,126955",,,"3717,829",
Cloudflare,image-test-8.jpg,9,200,image/jpeg,3717829,"0,104273","0,116727",,,"3717,829",
Cloudflare,image-test-8.jpg,10,200,image/jpeg,3717829,"0,08554","0,133116",,,"3717,829",
Cloudflare,image-test-8.jpg,11,200,image/jpeg,3717829,"0,096755","0,127663",,,"3717,829",
Cloudflare,image-test-9.png,1,200,image/webp,4504690,"2,802754","2,821272",,,"4504,69","54,30%"
Cloudflare,image-test-9.png,2,200,image/webp,4504690,"0,103436","0,133308","0,1126033","0,1500109","4504,69",
Cloudflare,image-test-9.png,3,200,image/webp,4504690,"0,119847","0,149979",,,"4504,69",
Cloudflare,image-test-9.png,4,200,image/webp,4504690,"0,116253","0,139177",,,"4504,69",
Cloudflare,image-test-9.png,5,200,image/webp,4504690,"0,102654","0,137301",,,"4504,69",
Cloudflare,image-test-9.png,6,200,image/webp,4504690,"0,107929","0,143406",,,"4504,69",
Cloudflare,image-test-9.png,7,200,image/webp,4504690,"0,115665","0,155545",,,"4504,69",
Cloudflare,image-test-9.png,8,200,image/webp,4504690,"0,102415","0,17582",,,"4504,69",
Cloudflare,image-test-9.png,9,200,image/webp,4504690,"0,118572","0,150524",,,"4504,69",
Cloudflare,image-test-9.png,10,200,image/webp,4504690,"0,107639","0,148792",,,"4504,69",
Cloudflare,image-test-9.png,11,200,image/webp,4504690,"0,131623","0,166257",,,"4504,69",
Cloudflare,image-test-10.png,1,200,image/avif,268158,"2,291092","2,294431",,,"268,158","12,17%"
Cloudflare,image-test-10.png,2,200,image/avif,268158,"0,098346","0,102214","0,3332215","0,3373401","4504,69",
Cloudflare,image-test-10.png,3,200,image/avif,268158,"0,115527","0,117543",,,"268,158",
Cloudflare,image-test-10.png,4,200,image/avif,268158,"0,124205","0,127423",,,"268,158",
Cloudflare,image-test-10.png,5,200,image/avif,268158,"0,120972","0,127582",,,"268,158",
Cloudflare,image-test-10.png,6,200,image/avif,268158,"0,1228","0,126396",,,"268,158",
Cloudflare,image-test-10.png,7,200,image/avif,268158,"0,105666","0,114292",,,"268,158",
Cloudflare,image-test-10.png,8,200,image/avif,268158,"0,103612","0,106527",,,"268,158",
Cloudflare,image-test-10.png,9,200,image/avif,268158,"0,114357","0,116808",,,"268,158",
Cloudflare,image-test-10.png,10,200,image/avif,268158,"0,135638","0,140185",,,"268,158",
Cloudflare,image-test-10.png,11,200,image/avif,268158,"0,124229","0,12817",,,"268,158",
Cloudflare,image-test-11.png,1,200,image/png,23484440,"3,741461","3,961564",,,"23484,44","141,29%"
Cloudflare,image-test-11.png,2,200,image/png,23484440,"0,10475","0,241681","0,1262623","0,2599243","23484,44",
Cloudflare,image-test-11.png,3,200,image/png,23484440,"0,09581","0,178215",,,"23484,44",
Cloudflare,image-test-11.png,4,200,image/png,23484440,"0,09779","0,246638",,,"23484,44",
Cloudflare,image-test-11.png,5,200,image/png,23484440,"0,159619","0,354662",,,"23484,44",
Cloudflare,image-test-11.png,6,200,image/png,23484440,"0,124365","0,278491",,,"23484,44",
Cloudflare,image-test-11.png,7,200,image/png,23484440,"0,175965","0,289317",,,"23484,44",
Cloudflare,image-test-11.png,8,200,image/png,23484440,"0,177624","0,283447",,,"23484,44",
Cloudflare,image-test-11.png,9,200,image/png,23484440,"0,106571","0,247711",,,"23484,44",
Cloudflare,image-test-11.png,10,200,image/png,23484440,"0,095965","0,197814",,,"23484,44",
Cloudflare,image-test-11.png,11,200,image/png,23484440,"0,124164","0,281267",,,"23484,44",
Cloudflare,image-test-12.png,1,200,image/png,3255402,"3,423474","3,472581",,,"3255,402","43,25%"
Cloudflare,image-test-12.png,2,200,image/png,3255402,"0,091029","0,106601","0,1230639","0,1465803","3255,402",
Cloudflare,image-test-12.png,3,200,image/png,3255402,"0,126746","0,147774",,,"3255,402",
Cloudflare,image-test-12.png,4,200,image/png,3255402,"0,223227","0,24041",,,"3255,402",
Cloudflare,image-test-12.png,5,200,image/png,3255402,"0,116162","0,1371",,,"3255,402",
Cloudflare,image-test-12.png,6,200,image/png,3255402,"0,119841","0,141236",,,"3255,402",
Cloudflare,image-test-12.png,7,200,image/png,3255402,"0,094277","0,117048",,,"3255,402",
Cloudflare,image-test-12.png,8,200,image/png,3255402,"0,11481","0,155548",,,"3255,402",
Cloudflare,image-test-12.png,9,200,image/png,3255402,"0,101196","0,136563",,,"3255,402",
Cloudflare,image-test-12.png,10,200,image/png,3255402,"0,135835","0,158062",,,"3255,402",
Cloudflare,image-test-12.png,11,200,image/png,3255402,"0,107516","0,125461",,,"3255,402",
Cloudinary,image-test-1.jpg,1,200,image/webp,1534138,"3,612249","3,834115",,,"1534,138","101,41%"
Cloudinary,image-test-1.jpg,2,200,image/webp,1534138,"0,067057","0,074848","0,122288","0,1320603","1534,138",
Cloudinary,image-test-1.jpg,3,200,image/webp,1534138,"0,062518","0,068475",,,"1534,138",
Cloudinary,image-test-1.jpg,4,200,image/webp,1534138,"0,061423","0,067719",,,"1534,138",
Cloudinary,image-test-1.jpg,5,200,image/webp,1534138,"0,075808","0,08195",,,"1534,138",
Cloudinary,image-test-1.jpg,6,200,image/webp,1534138,"0,062478","0,068708",,,"1534,138",
Cloudinary,image-test-1.jpg,7,200,image/webp,1534138,"0,069185","0,076156",,,"1534,138",
Cloudinary,image-test-1.jpg,8,200,image/webp,1534138,"0,079272","0,085942",,,"1534,138",
Cloudinary,image-test-1.jpg,9,200,image/webp,1534138,"0,481178","0,514159",,,"1534,138",
Cloudinary,image-test-1.jpg,10,200,image/webp,1534138,"0,144369","0,157255",,,"1534,138",
Cloudinary,image-test-1.jpg,11,200,image/webp,1534138,"0,119592","0,125391",,,"1534,138",
Cloudinary,image-test-2.jpg,1,200,image/webp,2601624,"3,940408","4,084492",,,"2601,624","114,73%"
Cloudinary,image-test-2.jpg,2,200,image/webp,2601624,"0,141989","0,160276","0,133726","0,1486723","2601,624",
Cloudinary,image-test-2.jpg,3,200,image/webp,2601624,"0,116487","0,127677",,,"2601,624",
Cloudinary,image-test-2.jpg,4,200,image/webp,2601624,"0,137299","0,168191",,,"2601,624",
Cloudinary,image-test-2.jpg,5,200,image/webp,2601624,"0,152204","0,162969",,,"2601,624",
Cloudinary,image-test-2.jpg,6,200,image/webp,2601624,"0,136041","0,147631",,,"2601,624",
Cloudinary,image-test-2.jpg,7,200,image/webp,2601624,"0,129314","0,143607",,,"2601,624",
Cloudinary,image-test-2.jpg,8,200,image/webp,2601624,"0,107717","0,122467",,,"2601,624",
Cloudinary,image-test-2.jpg,9,200,image/webp,2601624,"0,167952","0,180442",,,"2601,624",
Cloudinary,image-test-2.jpg,10,200,image/webp,2601624,"0,127712","0,141371",,,"2601,624",
Cloudinary,image-test-2.jpg,11,200,image/webp,2601624,"0,120545","0,132092",,,"2601,624",
Cloudinary,image-test-3.jpg,1,200,image/webp,866932,"2,922355","3,012727",,,"866,932","27,72%"
Cloudinary,image-test-3.jpg,2,200,image/webp,866932,"0,38074","0,47072","0,1178016","0,1316658","866,932",
Cloudinary,image-test-3.jpg,3,200,image/webp,866932,"0,070689","0,076216",,,"866,932",
Cloudinary,image-test-3.jpg,4,200,image/webp,866932,"0,058621","0,062843",,,"866,932",
Cloudinary,image-test-3.jpg,5,200,image/webp,866932,"0,05822","0,062607",,,"866,932",
Cloudinary,image-test-3.jpg,6,200,image/webp,866932,"0,069704","0,074634",,,"866,932",
Cloudinary,image-test-3.jpg,7,200,image/webp,866932,"0,072248","0,077227",,,"866,932",
Cloudinary,image-test-3.jpg,8,200,image/webp,866932,"0,136306","0,140319",,,"866,932",
Cloudinary,image-test-3.jpg,9,200,image/webp,866932,"0,120376","0,125855",,,"866,932",
Cloudinary,image-test-3.jpg,10,200,image/webp,866932,"0,099136","0,106041",,,"866,932",
Cloudinary,image-test-3.jpg,11,200,image/webp,866932,"0,111976","0,120196",,,"866,932",
Cloudinary,image-test-4.jpg,1,200,image/webp,997400,"4,932683","6,18571",,,"997,4","16,97%"
Cloudinary,image-test-4.jpg,2,200,image/webp,997400,"0,1201","0,125167","0,1875838","0,2301755","997,4",
Cloudinary,image-test-4.jpg,3,200,image/webp,997400,"0,162306","0,169901",,,"997,4",
Cloudinary,image-test-4.jpg,4,200,image/webp,997400,"0,141057","0,149056",,,"997,4",
Cloudinary,image-test-4.jpg,5,200,image/webp,997400,"0,11319","0,122345",,,"997,4",
Cloudinary,image-test-4.jpg,6,200,image/webp,997400,"0,114328","0,119921",,,"997,4",
Cloudinary,image-test-4.jpg,7,200,image/webp,997400,"0,205295","0,209932",,,"997,4",
Cloudinary,image-test-4.jpg,8,200,image/webp,997400,"0,431123","0,732972",,,"997,4",
Cloudinary,image-test-4.jpg,9,200,image/webp,997400,"0,377581","0,40834",,,"997,4",
Cloudinary,image-test-4.jpg,10,200,image/webp,997400,"0,110072","0,120578",,,"997,4",
Cloudinary,image-test-4.jpg,11,200,image/webp,997400,"0,100786","0,143543",,,"997,4",
Cloudinary,image-test-5.jpg,1,200,image/webp,2446812,"5,072123","5,122645",,,"2446,812","37,51%"
Cloudinary,image-test-5.jpg,2,200,image/webp,2446812,"0,092593","0,101883","0,075089","0,0864017","2446,812",
Cloudinary,image-test-5.jpg,3,200,image/webp,2446812,"0,11224","0,144323",,,"2446,812",
Cloudinary,image-test-5.jpg,4,200,image/webp,2446812,"0,069548","0,078965",,,"2446,812",
Cloudinary,image-test-5.jpg,5,200,image/webp,2446812,"0,08085","0,09049",,,"2446,812",
Cloudinary,image-test-5.jpg,6,200,image/webp,2446812,"0,067263","0,076631",,,"2446,812",
Cloudinary,image-test-5.jpg,7,200,image/webp,2446812,"0,063706","0,073795",,,"2446,812",
Cloudinary,image-test-5.jpg,8,200,image/webp,2446812,"0,06581","0,073967",,,"2446,812",
Cloudinary,image-test-5.jpg,9,200,image/webp,2446812,"0,06725","0,075449",,,"2446,812",
Cloudinary,image-test-5.jpg,10,200,image/webp,2446812,"0,062102","0,070968",,,"2446,812",
Cloudinary,image-test-5.jpg,11,200,image/webp,2446812,"0,069528","0,077546",,,"2446,812",
Cloudinary,image-test-6.jpg,1,200,image/webp,1197182,"4,890001","4,944942",,,"1197,182","17,91%"
Cloudinary,image-test-6.jpg,2,200,image/webp,1197182,"0,094351","0,100341","0,1282973","0,1373927","1197,182",
Cloudinary,image-test-6.jpg,3,200,image/webp,1197182,"0,083057","0,088322",,,"1197,182",
Cloudinary,image-test-6.jpg,4,200,image/webp,1197182,"0,068229","0,073285",,,"1197,182",
Cloudinary,image-test-6.jpg,5,200,image/webp,1197182,"0,077294","0,082653",,,"1197,182",
Cloudinary,image-test-6.jpg,6,200,image/webp,1197182,"0,086335","0,092262",,,"1197,182",
Cloudinary,image-test-6.jpg,7,200,image/webp,1197182,"0,065433","0,070622",,,"1197,182",
Cloudinary,image-test-6.jpg,8,200,image/webp,1197182,"0,056024","0,06075",,,"1197,182",
Cloudinary,image-test-6.jpg,9,200,image/webp,1197182,"0,489425","0,529473",,,"1197,182",
Cloudinary,image-test-6.jpg,10,200,image/webp,1197182,"0,132698","0,138069",,,"1197,182",
Cloudinary,image-test-6.jpg,11,200,image/webp,1197182,"0,130127","0,13815",,,"1197,182",
Cloudinary,image-test-7.jpg,1,200,image/webp,1252724,"4,29984","4,542724",,,"1252,724","14,97%"
Cloudinary,image-test-7.jpg,2,200,image/webp,1252724,"0,163874","0,170814","0,1799134","0,1909688","1252,724",
Cloudinary,image-test-7.jpg,3,200,image/webp,1252724,"0,162149","0,171896",,,"1252,724",
Cloudinary,image-test-7.jpg,4,200,image/webp,1252724,"0,14071","0,150191",,,"1252,724",
Cloudinary,image-test-7.jpg,5,200,image/webp,1252724,"0,476631","0,501354",,,"1252,724",
Cloudinary,image-test-7.jpg,6,200,image/webp,1252724,"0,174131","0,182825",,,"1252,724",
Cloudinary,image-test-7.jpg,7,200,image/webp,1252724,"0,116639","0,126614",,,"1252,724",
Cloudinary,image-test-7.jpg,8,200,image/webp,1252724,"0,133196","0,140534",,,"1252,724",
Cloudinary,image-test-7.jpg,9,200,image/webp,1252724,"0,153622","0,162938",,,"1252,724",
Cloudinary,image-test-7.jpg,10,200,image/webp,1252724,"0,143472","0,154041",,,"1252,724",
Cloudinary,image-test-7.jpg,11,200,image/webp,1252724,"0,13471","0,148481",,,"1252,724",
Cloudinary,image-test-8.jpg,1,400,image/gif,0,"2,327209","2,327264",,,0,"0,00%"
Cloudinary,image-test-8.jpg,2,400,image/gif,0,"0,124457","0,124514","0,1491967","0,1492518",0,
Cloudinary,image-test-8.jpg,3,400,image/gif,0,"0,125438","0,125488",,,0,
Cloudinary,image-test-8.jpg,4,400,image/gif,0,"0,138066","0,138123",,,0,
Cloudinary,image-test-8.jpg,5,400,image/gif,0,"0,129653","0,129747",,,0,
Cloudinary,image-test-8.jpg,6,400,image/gif,0,"0,117785","0,117835",,,0,
Cloudinary,image-test-8.jpg,7,400,image/gif,0,"0,127793","0,127845",,,0,
Cloudinary,image-test-8.jpg,8,400,image/gif,0,"0,526563","0,526615",,,0,
Cloudinary,image-test-8.jpg,9,400,image/gif,0,"0,079393","0,079444",,,0,
Cloudinary,image-test-8.jpg,10,400,image/gif,0,"0,072529","0,07258",,,0,
Cloudinary,image-test-8.jpg,11,400,image/gif,0,"0,05029","0,050327",,,0,
Cloudinary,image-test-9.png,1,200,image/webp,470502,"3,897001","4,034786",,,"470,502","5,67%"
Cloudinary,image-test-9.png,2,200,image/webp,470502,"0,488852","0,501374","0,1720787","0,1776323","470,502",
Cloudinary,image-test-9.png,3,200,image/webp,470502,"0,20221","0,210132",,,"470,502",
Cloudinary,image-test-9.png,4,200,image/webp,470502,"0,134564","0,137685",,,"470,502",
Cloudinary,image-test-9.png,5,200,image/webp,470502,"0,125608","0,128583",,,"470,502",
Cloudinary,image-test-9.png,6,200,image/webp,470502,"0,151013","0,157242",,,"470,502",
Cloudinary,image-test-9.png,7,200,image/webp,470502,"0,106416","0,111103",,,"470,502",
Cloudinary,image-test-9.png,8,200,image/webp,470502,"0,12246","0,125339",,,"470,502",
Cloudinary,image-test-9.png,9,200,image/webp,470502,"0,133534","0,139794",,,"470,502",
Cloudinary,image-test-9.png,10,200,image/webp,470502,"0,127959","0,13248",,,"470,502",
Cloudinary,image-test-9.png,11,200,image/webp,470502,"0,128171","0,132591",,,"470,502",
Cloudinary,image-test-10.png,1,200,image/webp,308448,"2,125273","2,128513",,,"308,448","14,00%"
Cloudinary,image-test-10.png,2,200,image/webp,308448,"0,12907","0,132151","0,1362033","0,1395572","308,448",
Cloudinary,image-test-10.png,3,200,image/webp,308448,"0,128725","0,132733",,,"308,448",
Cloudinary,image-test-10.png,4,200,image/webp,308448,"0,145724","0,148695",,,"308,448",
Cloudinary,image-test-10.png,5,200,image/webp,308448,"0,162698","0,16673",,,"308,448",
Cloudinary,image-test-10.png,6,200,image/webp,308448,"0,111942","0,114475",,,"308,448",
Cloudinary,image-test-10.png,7,200,image/webp,308448,"0,142404","0,147632",,,"308,448",
Cloudinary,image-test-10.png,8,200,image/webp,308448,"0,173046","0,175803",,,"308,448",
Cloudinary,image-test-10.png,9,200,image/webp,308448,"0,106375","0,109403",,,"308,448",
Cloudinary,image-test-10.png,10,200,image/webp,308448,"0,118893","0,121356",,,"308,448",
Cloudinary,image-test-10.png,11,200,image/webp,308448,"0,143156","0,146594",,,"308,448",
Cloudinary,image-test-11.png,1,400,image/gif,0,"2,159667","2,159722",,,0,"0,00%"
Cloudinary,image-test-11.png,2,400,image/gif,0,"0,177401","0,177539","0,2948744","0,2951647",0,
Cloudinary,image-test-11.png,3,400,image/gif,0,"0,108948","0,109013",,,0,
Cloudinary,image-test-11.png,4,400,image/gif,0,"0,121082","0,121163",,,0,
Cloudinary,image-test-11.png,5,400,image/gif,0,"0,161791","0,161886",,,0,
Cloudinary,image-test-11.png,6,400,image/gif,0,"0,157866","0,158027",,,0,
Cloudinary,image-test-11.png,7,400,image/gif,0,"0,473701","0,474346",,,0,
Cloudinary,image-test-11.png,8,400,image/gif,0,"0,386909","0,388033",,,0,
Cloudinary,image-test-11.png,9,400,image/gif,0,"0,563781","0,563826",,,0,
Cloudinary,image-test-11.png,10,400,image/gif,0,"0,397083","0,397138",,,0,
Cloudinary,image-test-11.png,11,400,image/gif,0,"0,400182","0,400676",,,0,
Cloudinary,image-test-12.png,1,200,image/webp,564094,"5,193994","5,198478",,,"564,094","7,49%"
Cloudinary,image-test-12.png,2,200,image/webp,564094,"0,113478","0,117097","0,1346811","0,1396555","564,094",
Cloudinary,image-test-12.png,3,200,image/webp,564094,"0,111573","0,116839",,,"564,094",
Cloudinary,image-test-12.png,4,200,image/webp,564094,"0,172656","0,177796",,,"564,094",
Cloudinary,image-test-12.png,5,200,image/webp,564094,"0,158334","0,162493",,,"564,094",
Cloudinary,image-test-12.png,6,200,image/webp,564094,"0,10361","0,109455",,,"564,094",
Cloudinary,image-test-12.png,7,200,image/webp,564094,"0,112291","0,115647",,,"564,094",
Cloudinary,image-test-12.png,8,200,image/webp,564094,"0,132354","0,13833",,,"564,094",
Cloudinary,image-test-12.png,9,200,image/webp,564094,"0,140014","0,145099",,,"564,094",
Cloudinary,image-test-12.png,10,200,image/webp,564094,"0,138851","0,145507",,,"564,094",
Cloudinary,image-test-12.png,11,200,image/webp,564094,"0,16365","0,168292",,,"564,094",
Imgproxy,image-test-1.jpg,1,200,image/avif,1064758,"3,349378","4,272786",,,"1064,758","70,39%"
Imgproxy,image-test-1.jpg,2,200,image/avif,1064758,"0,480511","1,403692","0,5276773","1,4542094","1064,758",
Imgproxy,image-test-1.jpg,3,200,image/avif,1064758,"0,640414","1,575319",,,"1064,758",
Imgproxy,image-test-1.jpg,4,200,image/avif,1064758,"0,631133","1,557625",,,"1064,758",
Imgproxy,image-test-1.jpg,5,200,image/avif,1064758,"0,480724","1,40422",,,"1064,758",
Imgproxy,image-test-1.jpg,6,200,image/avif,1064758,"0,632363","1,555772",,,"1064,758",
Imgproxy,image-test-1.jpg,7,200,image/avif,1064758,"0,476883","1,403233",,,"1064,758",
Imgproxy,image-test-1.jpg,8,200,image/avif,1064758,"0,477518","1,402983",,,"1064,758",
Imgproxy,image-test-1.jpg,9,200,image/avif,1064758,"0,477696","1,399191",,,"1064,758",
Imgproxy,image-test-1.jpg,10,200,image/avif,1064758,"0,481364","1,413653",,,"1064,758",
Imgproxy,image-test-1.jpg,11,200,image/avif,1064758,"0,498167","1,426406",,,"1064,758",
Imgproxy,image-test-2.jpg,1,200,image/avif,1482858,"2,996622","3,929797",,,"1482,858","65,39%"
Imgproxy,image-test-2.jpg,2,200,image/avif,1482858,"0,478426","1,407357","0,4801309","1,4543608","1482,858",
Imgproxy,image-test-2.jpg,3,200,image/avif,1482858,"0,477479","1,410417",,,"1482,858",
Imgproxy,image-test-2.jpg,4,200,image/avif,1482858,"0,49314","1,570548",,,"1482,858",
Imgproxy,image-test-2.jpg,5,200,image/avif,1482858,"0,478523","1,409007",,,"1482,858",
Imgproxy,image-test-2.jpg,6,200,image/avif,1482858,"0,482028","1,409424",,,"1482,858",
Imgproxy,image-test-2.jpg,7,200,image/avif,1482858,"0,48109","1,565199",,,"1482,858",
Imgproxy,image-test-2.jpg,8,200,image/avif,1482858,"0,479894","1,408834",,,"1482,858",
Imgproxy,image-test-2.jpg,9,200,image/avif,1482858,"0,477316","1,403373",,,"1482,858",
Imgproxy,image-test-2.jpg,10,200,image/avif,1482858,"0,476749","1,408391",,,"1482,858",
Imgproxy,image-test-2.jpg,11,200,image/avif,1482858,"0,476664","1,551058",,,"1482,858",
Imgproxy,image-test-3.jpg,1,200,image/avif,476271,"1,517619","2,285574",,,"476,271","15,23%"
Imgproxy,image-test-3.jpg,2,200,image/avif,476271,"0,479611","1,249008","0,4792994","1,2675148","476,271",
Imgproxy,image-test-3.jpg,3,200,image/avif,476271,"0,476705","1,246426",,,"476,271",
Imgproxy,image-test-3.jpg,4,200,image/avif,476271,"0,48716","1,406559",,,"476,271",
Imgproxy,image-test-3.jpg,5,200,image/avif,476271,"0,483236","1,275463",,,"476,271",
Imgproxy,image-test-3.jpg,6,200,image/avif,476271,"0,480144","1,248762",,,"476,271",
Imgproxy,image-test-3.jpg,7,200,image/avif,476271,"0,478909","1,249124",,,"476,271",
Imgproxy,image-test-3.jpg,8,200,image/avif,476271,"0,475936","1,244723",,,"476,271",
Imgproxy,image-test-3.jpg,9,200,image/avif,476271,"0,476024","1,257746",,,"476,271",
Imgproxy,image-test-3.jpg,10,200,image/avif,476271,"0,475517","1,24888",,,"476,271",
Imgproxy,image-test-3.jpg,11,200,image/avif,476271,"0,479752","1,248457",,,"476,271",
Imgproxy,image-test-4.jpg,1,200,image/avif,736799,"3,215256","3,987753",,,"736,799","12,53%"
Imgproxy,image-test-4.jpg,2,200,image/avif,736799,"0,482642","1,257711","0,4818346","1,3462582","736,799",
Imgproxy,image-test-4.jpg,3,200,image/avif,736799,"0,477477","1,398826",,,"736,799",
Imgproxy,image-test-4.jpg,4,200,image/avif,736799,"0,497549","1,424909",,,"736,799",
Imgproxy,image-test-4.jpg,5,200,image/avif,736799,"0,476425","1,401392",,,"736,799",
Imgproxy,image-test-4.jpg,6,200,image/avif,736799,"0,476557","1,395385",,,"736,799",
Imgproxy,image-test-4.jpg,7,200,image/avif,736799,"0,479969","1,400891",,,"736,799",
Imgproxy,image-test-4.jpg,8,200,image/avif,736799,"0,477586","1,400314",,,"736,799",
Imgproxy,image-test-4.jpg,9,200,image/avif,736799,"0,480037","1,25223",,,"736,799",
Imgproxy,image-test-4.jpg,10,200,image/avif,736799,"0,485608","1,270536",,,"736,799",
Imgproxy,image-test-4.jpg,11,200,image/avif,736799,"0,484496","1,260388",,,"736,799",
Imgproxy,image-test-5.jpg,1,200,image/avif,1673920,"4,80177","6,03357",,,"1673,92","25,66%"
Imgproxy,image-test-5.jpg,2,200,image/avif,1673920,"0,477467","1,421942","0,4784821","1,4697616","1673,92",
Imgproxy,image-test-5.jpg,3,200,image/avif,1673920,"0,48703","1,416743",,,"1673,92",
Imgproxy,image-test-5.jpg,4,200,image/avif,1673920,"0,476717","1,552089",,,"1673,92",
Imgproxy,image-test-5.jpg,5,200,image/avif,1673920,"0,477324","1,555407",,,"1673,92",
Imgproxy,image-test-5.jpg,6,200,image/avif,1673920,"0,477426","1,56413",,,"1673,92",
Imgproxy,image-test-5.jpg,7,200,image/avif,1673920,"0,479322","1,555632",,,"1673,92",
Imgproxy,image-test-5.jpg,8,200,image/avif,1673920,"0,478995","1,410599",,,"1673,92",
Imgproxy,image-test-5.jpg,9,200,image/avif,1673920,"0,479519","1,412707",,,"1673,92",
Imgproxy,image-test-5.jpg,10,200,image/avif,1673920,"0,476635","1,405215",,,"1673,92",
Imgproxy,image-test-5.jpg,11,200,image/avif,1673920,"0,474386","1,403152",,,"1673,92",
Imgproxy,image-test-6.jpg,1,200,image/avif,849942,"3,191073","4,271974",,,"849,942","12,71%"
Imgproxy,image-test-6.jpg,2,200,image/avif,849942,"0,496844","1,417371","0,4811419","1,3471834","849,942",
Imgproxy,image-test-6.jpg,3,200,image/avif,849942,"0,480393","1,413253",,,"849,942",
Imgproxy,image-test-6.jpg,4,200,image/avif,849942,"0,481319","1,405103",,,"849,942",
Imgproxy,image-test-6.jpg,5,200,image/avif,849942,"0,478842","1,253254",,,"849,942",
Imgproxy,image-test-6.jpg,6,200,image/avif,849942,"0,475622","1,251832",,,"849,942",
Imgproxy,image-test-6.jpg,7,200,image/avif,849942,"0,480847","1,254463",,,"849,942",
Imgproxy,image-test-6.jpg,8,200,image/avif,849942,"0,480006","1,401718",,,"849,942",
Imgproxy,image-test-6.jpg,9,200,image/avif,849942,"0,477009","1,400721",,,"849,942",
Imgproxy,image-test-6.jpg,10,200,image/avif,849942,"0,483278","1,424542",,,"849,942",
Imgproxy,image-test-6.jpg,11,200,image/avif,849942,"0,477259","1,249577",,,"849,942",
Imgproxy,image-test-7.jpg,1,200,image/avif,917398,"2,323429","3,413882",,,"917,398","10,96%"
Imgproxy,image-test-7.jpg,2,200,image/avif,917398,"0,475788","1,395954","0,477555","1,4042673","917,398",
Imgproxy,image-test-7.jpg,3,200,image/avif,917398,"0,475071","1,424833",,,"917,398",
Imgproxy,image-test-7.jpg,4,200,image/avif,917398,"0,480771","1,400874",,,"917,398",
Imgproxy,image-test-7.jpg,5,200,image/avif,917398,"0,479589","1,40835",,,"917,398",
Imgproxy,image-test-7.jpg,6,200,image/avif,917398,"0,479539","1,400059",,,"917,398",
Imgproxy,image-test-7.jpg,7,200,image/avif,917398,"0,479902","1,403589",,,"917,398",
Imgproxy,image-test-7.jpg,8,200,image/avif,917398,"0,475691","1,398011",,,"917,398",
Imgproxy,image-test-7.jpg,9,200,image/avif,917398,"0,476267","1,405926",,,"917,398",
Imgproxy,image-test-7.jpg,10,200,image/avif,917398,"0,476098","1,398223",,,"917,398",
Imgproxy,image-test-7.jpg,11,200,image/avif,917398,"0,476834","1,406854",,,"917,398",
Imgproxy,image-test-8.jpg,1,200,image/avif,1786147,"3,893494","4,974985",,,"1786,147","12,17%"
Imgproxy,image-test-8.jpg,2,200,image/avif,1786147,"0,477073","1,575043","0,4782752","1,5201465","1786,147",
Imgproxy,image-test-8.jpg,3,200,image/avif,1786147,"0,478339","1,591469",,,"1786,147",
Imgproxy,image-test-8.jpg,4,200,image/avif,1786147,"0,479113","1,555954",,,"1786,147",
Imgproxy,image-test-8.jpg,5,200,image/avif,1786147,"0,476716","1,558322",,,"1786,147",
Imgproxy,image-test-8.jpg,6,200,image/avif,1786147,"0,482047","1,573857",,,"1786,147",
Imgproxy,image-test-8.jpg,7,200,image/avif,1786147,"0,476192","1,406296",,,"1786,147",
Imgproxy,image-test-8.jpg,8,200,image/avif,1786147,"0,4768","1,407284",,,"1786,147",
Imgproxy,image-test-8.jpg,9,200,image/avif,1786147,"0,480836","1,41336",,,"1786,147",
Imgproxy,image-test-8.jpg,10,200,image/avif,1786147,"0,479629","1,569973",,,"1786,147",
Imgproxy,image-test-8.jpg,11,200,image/avif,1786147,"0,476007","1,549907",,,"1786,147",
Imgproxy,image-test-9.png,1,200,image/avif,380393,"1,657869","2,282621",,,"380,393","4,59%"
Imgproxy,image-test-9.png,2,200,image/avif,380393,"0,482131","1,247848","0,4814492","1,1948678","380,393",
Imgproxy,image-test-9.png,3,200,image/avif,380393,"0,477575","1,245649",,,"380,393",
Imgproxy,image-test-9.png,4,200,image/avif,380393,"0,477731","1,132121",,,"380,393",
Imgproxy,image-test-9.png,5,200,image/avif,380393,"0,491079","1,259063",,,"380,393",
Imgproxy,image-test-9.png,6,200,image/avif,380393,"0,480408","1,096932",,,"380,393",
Imgproxy,image-test-9.png,7,200,image/avif,380393,"0,482213","1,270841",,,"380,393",
Imgproxy,image-test-9.png,8,200,image/avif,380393,"0,488284","1,103721",,,"380,393",
Imgproxy,image-test-9.png,9,200,image/avif,380393,"0,479438","1,247543",,,"380,393",
Imgproxy,image-test-9.png,10,200,image/avif,380393,"0,474392","1,244202",,,"380,393",
Imgproxy,image-test-9.png,11,200,image/avif,380393,"0,481241","1,100758",,,"380,393",
Imgproxy,image-test-10.png,1,200,image/avif,184904,"0,992233","1,612988",,,"184,904","8,39%"
Imgproxy,image-test-10.png,2,200,image/avif,184904,"0,478072","0,939063","0,480269","1,0183226","184,904",
Imgproxy,image-test-10.png,3,200,image/avif,184904,"0,475581","1,089319",,,"184,904",
Imgproxy,image-test-10.png,4,200,image/avif,184904,"0,479226","0,940962",,,"184,904",
Imgproxy,image-test-10.png,5,200,image/avif,184904,"0,479697","1,09389",,,"184,904",
Imgproxy,image-test-10.png,6,200,image/avif,184904,"0,479038","1,092322",,,"184,904",
Imgproxy,image-test-10.png,7,200,image/avif,184904,"0,477264","1,09469",,,"184,904",
Imgproxy,image-test-10.png,8,200,image/avif,184904,"0,500876","1,117158",,,"184,904",
Imgproxy,image-test-10.png,9,200,image/avif,184904,"0,479155","0,93978",,,"184,904",
Imgproxy,image-test-10.png,10,200,image/avif,184904,"0,475798","0,937168",,,"184,904",
Imgproxy,image-test-10.png,11,200,image/avif,184904,"0,477983","0,938874",,,"184,904",
Imgproxy,image-test-11.png,1,200,image/avif,775291,"3,777012","4,550698",,,"775,291","4,66%"
Imgproxy,image-test-11.png,2,200,image/avif,775291,"0,479199","1,252035","0,4794741","1,3439559","775,291",
Imgproxy,image-test-11.png,3,200,image/avif,775291,"0,482332","1,261744",,,"775,291",
Imgproxy,image-test-11.png,4,200,image/avif,775291,"0,480646","1,402112",,,"775,291",
Imgproxy,image-test-11.png,5,200,image/avif,775291,"0,479087","1,25968",,,"775,291",
Imgproxy,image-test-11.png,6,200,image/avif,775291,"0,480416","1,254885",,,"775,291",
Imgproxy,image-test-11.png,7,200,image/avif,775291,"0,477672","1,400276",,,"775,291",
Imgproxy,image-test-11.png,8,200,image/avif,775291,"0,477421","1,399134",,,"775,291",
Imgproxy,image-test-11.png,9,200,image/avif,775291,"0,477122","1,404866",,,"775,291",
Imgproxy,image-test-11.png,10,200,image/avif,775291,"0,479272","1,400467",,,"775,291",
Imgproxy,image-test-11.png,11,200,image/avif,775291,"0,481574","1,40436",,,"775,291",
Imgproxy,image-test-12.png,1,200,image/avif,313598,"1,687664","2,305301",,,"313,598","4,17%"
Imgproxy,image-test-12.png,2,200,image/avif,313598,"0,479863","1,097981","0,4795412","1,112769","313,598",
Imgproxy,image-test-12.png,3,200,image/avif,313598,"0,478882","1,095345",,,"313,598",
Imgproxy,image-test-12.png,4,200,image/avif,313598,"0,477898","1,094978",,,"313,598",
Imgproxy,image-test-12.png,5,200,image/avif,313598,"0,475392","1,255264",,,"313,598",
Imgproxy,image-test-12.png,6,200,image/avif,313598,"0,480208","1,095472",,,"313,598",
Imgproxy,image-test-12.png,7,200,image/avif,313598,"0,478598","1,093284",,,"313,598",
Imgproxy,image-test-12.png,8,200,image/avif,313598,"0,482835","1,107038",,,"313,598",
Imgproxy,image-test-12.png,9,200,image/avif,313598,"0,477486","1,092775",,,"313,598",
Imgproxy,image-test-12.png,10,200,image/avif,313598,"0,482092","1,098054",,,"313,598",
Imgproxy,image-test-12.png,11,200,image/avif,313598,"0,482158","1,097499",,,"313,598",