solution,image_id,run,http_code,content_type,size_download,time_starttransfer,time_total,average_ttfb,average_tt,size [kb],compress-ratio,Ecart H vs J (%),Ecart I vs J (%),
Cloudflare,image-test-1.jpg,1,200,image/webp,1534142,"3,353953","3,375974","0,1142824","0,1247415","1534,142","101,41%","61,12%","25,29%","3,41%"
Cloudflare,image-test-1.jpg,2,200,image/webp,1534142,"0,174347","0,188251",,,"1534,142",,"-647,99%","-1239,77%","0,00%"
Cloudflare,image-test-1.jpg,3,200,image/webp,1534142,"0,133131","0,139368",,,"1534,142",,"-879,55%","-1709,68%","0,00%"
Cloudflare,image-test-1.jpg,4,200,image/webp,1534142,"0,112477","0,130366",,,"1534,142",,"-1059,43%","-1834,65%",
Cloudflare,image-test-1.jpg,5,200,image/webp,1534142,"0,126635","0,135309",,,"1534,142",,"-929,80%","-1763,97%",
Cloudflare,image-test-1.jpg,6,200,image/webp,1534142,"0,088532","0,097679",,,"1534,142",,"-1373,02%","-2482,05%",
Cloudflare,image-test-1.jpg,7,200,image/webp,1534142,"0,104894","0,119817",,,"1534,142",,"-1143,25%","-2004,98%",
Cloudflare,image-test-1.jpg,8,200,image/webp,1534142,"0,127969","0,140152",,,"1534,142",,"-919,07%","-1699,56%",
Cloudflare,image-test-1.jpg,9,200,image/webp,1534142,"0,107147","0,116002",,,"1534,142",,"-1117,10%","-2074,21%",
Cloudflare,image-test-1.jpg,10,200,image/webp,1534142,"0,092592","0,098986",,,"1534,142",,"-1308,43%","-2447,96%",
Cloudflare,image-test-1.jpg,11,200,image/webp,1534142,"0,0751","0,081485",,,"1534,142",,"-1636,47%","-2995,20%",
Cloudflare,image-test-2.jpg,1,200,image/webp,2505680,"3,852735","3,875649","0,0983606","0,1110553","2505,68","110,50%","66,15%","34,92%",
Cloudflare,image-test-2.jpg,2,200,image/webp,2505680,"0,090366","0,101621",,,"2505,68",,"-1343,12%","-2381,89%",
Cloudflare,image-test-2.jpg,3,200,image/webp,2505680,"0,081062","0,095737",,,"2505,68",,"-1508,76%","-2534,43%",
Cloudflare,image-test-2.jpg,4,200,image/webp,2505680,"0,099954","0,111273",,,"2505,68",,"-1204,69%","-2166,61%",
Cloudflare,image-test-2.jpg,5,200,image/webp,2505680,"0,09923","0,11257",,,"2505,68",,"-1214,21%","-2140,49%",
Cloudflare,image-test-2.jpg,6,200,image/webp,2505680,"0,07819","0,092655",,,"2505,68",,"-1567,85%","-2622,06%",
Cloudflare,image-test-2.jpg,7,200,image/webp,2505680,"0,083328","0,094396",,,"2505,68",,"-1465,01%","-2571,85%",
Cloudflare,image-test-2.jpg,8,200,image/webp,2505680,"0,096618","0,106582",,,"2505,68",,"-1249,74%","-2266,37%",
Cloudflare,image-test-2.jpg,9,200,image/webp,2505680,"0,090609","0,10801",,,"2505,68",,"-1339,25%","-2235,08%",
Cloudflare,image-test-2.jpg,10,200,image/webp,2505680,"0,084387","0,096593",,,"2505,68",,"-1445,37%","-2511,08%",
Cloudflare,image-test-2.jpg,11,200,image/webp,2505680,"0,179862","0,191116",,,"2505,68",,"-625,05%","-1219,68%",
Cloudflare,image-test-3.jpg,1,200,image/webp,867832,"1,94763","1,95642",,,"867,832","27,75%","33,04%","-28,92%",
Cloudflare,image-test-3.jpg,2,200,image/webp,867832,"0,085947","0,095112","0,0846097","0,0933414","867,832",,"-1417,32%","-2551,74%",
Cloudflare,image-test-3.jpg,3,200,image/webp,867832,"0,086682","0,095909",,,"867,832",,"-1404,45%","-2529,70%",
Cloudflare,image-test-3.jpg,4,200,image/webp,867832,"0,090539","0,09818",,,"867,832",,"-1340,36%","-2468,87%",
Cloudflare,image-test-3.jpg,5,200,image/webp,867832,"0,080533","0,086484",,,"867,832",,"-1519,33%","-2816,29%",
Cloudflare,image-test-3.jpg,6,200,image/webp,867832,"0,078427","0,084705",,,"867,832",,"-1562,81%","-2877,54%",
Cloudflare,image-test-3.jpg,7,200,image/webp,867832,"0,08431","0,090526",,,"867,832",,"-1446,78%","-2686,07%",
Cloudflare,image-test-3.jpg,8,200,image/webp,867832,"0,09753","0,118839",,,"867,832",,"-1237,12%","-2022,30%",
Cloudflare,image-test-3.jpg,9,200,image/webp,867832,"0,081547","0,086707",,,"867,832",,"-1499,19%","-2808,79%",
Cloudflare,image-test-3.jpg,10,200,image/webp,867832,"0,080492","0,091662",,,"867,832",,"-1520,15%","-2651,55%",
Cloudflare,image-test-3.jpg,11,200,image/webp,867832,"0,08009","0,08529",,,"867,832",,"-1528,28%","-2857,11%",
Cloudflare,image-test-4.jpg,1,200,image/jpeg,2047519,"1,874191","1,895455",,,"2047,519","34,83%","30,42%","-33,06%",
Cloudflare,image-test-4.jpg,2,200,image/jpeg,2047519,"0,082837","0,097041","0,0948187","0,1077891","2047,519",,"-1474,29%","-2499,03%",
Cloudflare,image-test-4.jpg,3,200,image/jpeg,2047519,"0,097226","0,106399",,,"2047,519",,"-1241,30%","-2270,44%",
Cloudflare,image-test-4.jpg,4,200,image/jpeg,2047519,"0,127063","0,143214",,,"2047,519",,"-926,33%","-1661,09%",
Cloudflare,image-test-4.jpg,5,200,image/jpeg,2047519,"0,074632","0,086809",,,"2047,519",,"-1647,36%","-2805,37%",
Cloudflare,image-test-4.jpg,6,200,image/jpeg,2047519,"0,095844","0,115406",,,"2047,519",,"-1260,64%","-2085,43%",
Cloudflare,image-test-4.jpg,7,200,image/jpeg,2047519,"0,093404","0,107561",,,"2047,519",,"-1296,18%","-2244,83%",
Cloudflare,image-test-4.jpg,8,200,image/jpeg,2047519,"0,099926","0,110939",,,"2047,519",,"-1205,06%","-2173,43%",
Cloudflare,image-test-4.jpg,9,200,image/jpeg,2047519,"0,094756","0,105783",,,"2047,519",,"-1276,26%","-2284,24%",
Cloudflare,image-test-4.jpg,10,200,image/jpeg,2047519,"0,098511","0,109027",,,"2047,519",,"-1223,80%","-2213,30%",
Cloudflare,image-test-4.jpg,11,200,image/jpeg,2047519,"0,083988","0,095712",,,"2047,519",,"-1452,71%","-2535,12%",
Cloudflare,image-test-5.jpg,1,200,image/jpeg,3573077,"2,149493","2,170002",,,"3573,077","54,78%","39,33%","-16,23%",
Cloudflare,image-test-5.jpg,2,200,image/jpeg,3573077,"0,088854","0,100986","0,0966523","0,1149722","3573,077",,"-1367,68%","-2397,50%",
Cloudflare,image-test-5.jpg,3,200,image/jpeg,3573077,"0,100329","0,119288",,,"3573,077",,"-1199,81%","-2014,31%",
Cloudflare,image-test-5.jpg,4,200,image/jpeg,3573077,"0,106659","0,132548",,,"3573,077",,"-1122,67%","-1802,80%",
Cloudflare,image-test-5.jpg,5,200,image/jpeg,3573077,"0,111939","0,127193",,,"3573,077",,"-1065,00%","-1882,91%",
Cloudflare,image-test-5.jpg,6,200,image/jpeg,3573077,"0,124073","0,139609",,,"3573,077",,"-951,07%","-1706,56%",
Cloudflare,image-test-5.jpg,7,200,image/jpeg,3573077,"0,099143","0,126507",,,"3573,077",,"-1215,36%","-1893,66%",
Cloudflare,image-test-5.jpg,8,200,image/jpeg,3573077,"0,091972","0,109933",,,"3573,077",,"-1317,92%","-2194,24%",
Cloudflare,image-test-5.jpg,9,200,image/jpeg,3573077,"0,082599","0,0968",,,"3573,077",,"-1478,82%","-2505,50%",
Cloudflare,image-test-5.jpg,10,200,image/jpeg,3573077,"0,085356","0,106199",,,"3573,077",,"-1427,83%","-2274,90%",
Cloudflare,image-test-5.jpg,11,200,image/jpeg,3573077,"0,075599","0,090659",,,"3573,077",,"-1625,01%","-2681,99%",
Cloudflare,image-test-6.jpg,1,200,image/jpeg,2207833,"1,8234","1,835572",,,"2207,833","33,02%","28,48%","-37,40%",
Cloudflare,image-test-6.jpg,2,200,image/jpeg,2207833,"0,081357","0,089186","0,0929714","0,105331","2207,833",,"-1502,92%","-2727,93%",
Cloudflare,image-test-6.jpg,3,200,image/jpeg,2207833,"0,105514","0,115249",,,"2207,833",,"-1135,94%","-2088,41%",
Cloudflare,image-test-6.jpg,4,200,image/jpeg,2207833,"0,09139","0,104323",,,"2207,833",,"-1326,95%","-2317,61%",
Cloudflare,image-test-6.jpg,5,200,image/jpeg,2207833,"0,095166","0,11033",,,"2207,833",,"-1270,33%","-2185,98%",
Cloudflare,image-test-6.jpg,6,200,image/jpeg,2207833,"0,08361","0,093015",,,"2207,833",,"-1459,73%","-2611,52%",
Cloudflare,image-test-6.jpg,7,200,image/jpeg,2207833,"0,10145","0,110237",,,"2207,833",,"-1185,45%","-2187,91%",
Cloudflare,image-test-6.jpg,8,200,image/jpeg,2207833,"0,074988","0,086948",,,"2207,833",,"-1639,07%","-2800,72%",
Cloudflare,image-test-6.jpg,9,200,image/jpeg,2207833,"0,101116","0,121036",,,"2207,833",,"-1189,70%","-1983,78%",
Cloudflare,image-test-6.jpg,10,200,image/jpeg,2207833,"0,102509","0,117148",,,"2207,833",,"-1172,17%","-2052,94%",
Cloudflare,image-test-6.jpg,11,200,image/jpeg,2207833,"0,092614","0,105838",,,"2207,833",,"-1308,09%","-2283,00%",
Cloudflare,image-test-7.jpg,1,200,image/webp,1252864,"3,200007","3,2102",,,"1252,864","14,97%","59,25%","21,43%",
Cloudflare,image-test-7.jpg,2,200,image/webp,1252864,"0,082193","0,08943","0,0864211","0,0964164","1252,864",,"-1486,62%","-2720,22%",
Cloudflare,image-test-7.jpg,3,200,image/webp,1252864,"0,082759","0,098098",,,"1252,864",,"-1475,77%","-2471,02%",
Cloudflare,image-test-7.jpg,4,200,image/webp,1252864,"0,085913","0,099287",,,"1252,864",,"-1417,92%","-2440,23%",
Cloudflare,image-test-7.jpg,5,200,image/webp,1252864,"0,082392","0,088343",,,"1252,864",,"-1482,79%","-2754,92%",
Cloudflare,image-test-7.jpg,6,200,image/webp,1252864,"0,074463","0,083885",,,"1252,864",,"-1651,33%","-2906,64%",
Cloudflare,image-test-7.jpg,7,200,image/webp,1252864,"0,08138","0,088558",,,"1252,864",,"-1502,47%","-2747,99%",
Cloudflare,image-test-7.jpg,8,200,image/webp,1252864,"0,105957","0,113144",,,"1252,864",,"-1130,77%","-2129,13%",
Cloudflare,image-test-7.jpg,9,200,image/webp,1252864,"0,081278","0,088411",,,"1252,864",,"-1504,48%","-2752,72%",
Cloudflare,image-test-7.jpg,10,200,image/webp,1252864,"0,106096","0,119612",,,"1252,864",,"-1129,16%","-2008,59%",
Cloudflare,image-test-7.jpg,11,200,image/webp,1252864,"0,08178","0,095396",,,"1252,864",,"-1494,63%","-2543,84%",
Cloudflare,image-test-8.jpg,1,200,image/jpeg,3717829,"3,233837","3,263273",,,"3717,829","25,33%","59,67%","22,71%",
Cloudflare,image-test-8.jpg,2,200,image/jpeg,3717829,"0,143984","0,173548","0,1056334","1,072297","3717,829",,"-805,72%","-1353,27%",
Cloudflare,image-test-8.jpg,3,200,image/jpeg,3717829,"0,123854","0,140143",,,"3717,829",,"-952,93%","-1699,68%",
Cloudflare,image-test-8.jpg,4,200,image/jpeg,3717829,"0,074396","0,100714",,,"3717,829",,"-1652,90%","-2404,24%",
Cloudflare,image-test-8.jpg,5,200,image/jpeg,3717829,"0,077744","0,10131",,,"3717,829",,"-1577,42%","-2389,51%",
Cloudflare,image-test-8.jpg,6,200,image/jpeg,3717829,"0,177124","9,655456",,,"3717,829",,"-636,26%","73,88%",
Cloudflare,image-test-8.jpg,7,200,image/jpeg,3717829,"0,103711","0,121541",,,"3717,829",,"-1157,43%","-1975,12%",
Cloudflare,image-test-8.jpg,8,200,image/jpeg,3717829,"0,083731","0,102431",,,"3717,829",,"-1457,48%","-2362,26%",
Cloudflare,image-test-8.jpg,9,200,image/jpeg,3717829,"0,08712","0,107567",,,"3717,829",,"-1396,89%","-2244,70%",
Cloudflare,image-test-8.jpg,10,200,image/jpeg,3717829,"0,092757","0,11433",,,"3717,829",,"-1305,92%","-2106,00%",
Cloudflare,image-test-8.jpg,11,200,image/jpeg,3717829,"0,091913","0,10593",,,"3717,829",,"-1318,83%","-2280,93%",
Cloudflare,image-test-9.png,1,200,image/webp,4504690,"5,31944","5,374937",,,"4504,69","54,30%","75,48%","53,08%",
Cloudflare,image-test-9.png,2,200,image/webp,4504690,"0,114462","0,136571","0,1066692","0,1283194","4504,69",,"-1039,32%","-1746,75%",
Cloudflare,image-test-9.png,3,200,image/webp,4504690,"0,162855","0,186117",,,"4504,69",,"-700,77%","-1255,13%",
Cloudflare,image-test-9.png,4,200,image/webp,4504690,"0,088253","0,105389",,,"4504,69",,"-1377,67%","-2293,15%",
Cloudflare,image-test-9.png,5,200,image/webp,4504690,"0,071953","0,09151",,,"4504,69",,"-1712,42%","-2656,12%",
Cloudflare,image-test-9.png,6,200,image/webp,4504690,"0,14212","0,184033",,,"4504,69",,"-817,60%","-1270,47%",
Cloudflare,image-test-9.png,7,200,image/webp,4504690,"0,095956","0,117373",,,"4504,69",,"-1259,05%","-2048,81%",
Cloudflare,image-test-9.png,8,200,image/webp,4504690,"0,102138","0,12076",,,"4504,69",,"-1176,79%","-1988,54%",
Cloudflare,image-test-9.png,9,200,image/webp,4504690,"0,071533","0,087285",,,"4504,69",,"-1723,06%","-2789,52%",
Cloudflare,image-test-9.png,10,200,image/webp,4504690,"0,079632","0,099",,,"4504,69",,"-1537,65%","-2447,60%",
Cloudflare,image-test-9.png,11,200,image/webp,4504690,"0,13779","0,155156",,,"4504,69",,"-846,43%","-1525,54%",
Cloudflare,image-test-10.png,1,200,image/avif,268158,"1,575839","1,581565",,,"268,158","12,17%","17,24%","-59,47%",
Cloudflare,image-test-10.png,2,200,image/avif,268158,"0,092965","0,095117","0,2390133","0,2430362","4504,69",,"-1302,78%","-2551,60%",
Cloudflare,image-test-10.png,3,200,image/avif,268158,"0,083554","0,085944",,,"268,158",,"-1460,78%","-2834,61%",
Cloudflare,image-test-10.png,4,200,image/avif,268158,"0,131421","0,136409",,,"268,158",,"-892,30%","-1748,94%",
Cloudflare,image-test-10.png,5,200,image/avif,268158,"0,078081","0,081085",,,"268,158",,"-1570,18%","-3010,47%",
Cloudflare,image-test-10.png,6,200,image/avif,268158,"0,092828","0,097149",,,"268,158",,"-1304,85%","-2496,14%",
Cloudflare,image-test-10.png,7,200,image/avif,268158,"0,08529","0,089819",,,"268,158",,"-1429,01%","-2708,00%",
Cloudflare,image-test-10.png,8,200,image/avif,268158,"0,0921","0,096812",,,"268,158",,"-1315,95%","-2505,17%",
Cloudflare,image-test-10.png,9,200,image/avif,268158,"0,073123","0,077572",,,"268,158",,"-1683,42%","-3151,33%",
Cloudflare,image-test-10.png,10,200,image/avif,268158,"0,084932","0,08889",,,"268,158",,"-1435,45%","-2737,35%",
Cloudflare,image-test-10.png,11,200,image/avif,268158,"0,088365","0,091726",,,"268,158",,"-1375,80%","-2649,63%",
Cloudflare,image-test-11.png,1,200,image/png,23484440,"2,325014","2,446037",,,"23484,440","141,29%","43,91%","-3,11%",
Cloudflare,image-test-11.png,2,200,image/png,23484440,"0,086867","0,164117","0,0975194","0,2041731","23484,44",,"-1401,25%","-1436,78%",
Cloudflare,image-test-11.png,3,200,image/png,23484440,"0,15619","0,441935",,,"23484,44",,"-734,94%","-470,70%",
Cloudflare,image-test-11.png,4,200,image/png,23484440,"0,078695","0,155212",,,"23484,44",,"-1557,15%","-1524,95%",
Cloudflare,image-test-11.png,5,200,image/png,23484440,"0,074832","0,151236",,,"23484,44",,"-1642,69%","-1567,67%",
Cloudflare,image-test-11.png,6,200,image/png,23484440,"0,097109","0,18737",,,"23484,44",,"-1242,91%","-1246,06%",
Cloudflare,image-test-11.png,7,200,image/png,23484440,"0,122168","0,220616",,,"23484,44",,"-967,46%","-1043,22%",
Cloudflare,image-test-11.png,8,200,image/png,23484440,"0,083397","0,17917",,,"23484,44",,"-1463,71%","-1307,67%",
Cloudflare,image-test-11.png,9,200,image/png,23484440,"0,081354","0,17772",,,"23484,44",,"-1502,98%","-1319,15%",
Cloudflare,image-test-11.png,10,200,image/png,23484440,"0,092504","0,174101",,,"23484,44",,"-1309,77%","-1348,65%",
Cloudflare,image-test-11.png,11,200,image/png,23484440,"0,102078","0,190254",,,"23484,44",,"-1177,54%","-1225,66%",
Cloudflare,image-test-12.png,1,200,image/png,3255402,"2,959708","2,98608",,,"3255,402","43,25%","55,94%","15,54%",
Cloudflare,image-test-12.png,2,200,image/png,3255402,"0,094929","0,106566","0,0871397","0,1206488","3255,402",,"-1273,75%","-2266,72%",
Cloudflare,image-test-12.png,3,200,image/png,3255402,"0,069234","0,286098",,,"3255,402",,"-1783,60%","-781,56%",
Cloudflare,image-test-12.png,4,200,image/png,3255402,"0,073225","0,084839",,,"3255,402",,"-1680,94%","-2872,83%",
Cloudflare,image-test-12.png,5,200,image/png,3255402,"0,089509","0,104179",,,"3255,402",,"-1356,94%","-2320,95%",
Cloudflare,image-test-12.png,6,200,image/png,3255402,"0,079845","0,094672",,,"3255,402",,"-1533,28%","-2564,06%",
Cloudflare,image-test-12.png,7,200,image/png,3255402,"0,08566","0,101275",,,"3255,402",,"-1422,40%","-2390,37%",
Cloudflare,image-test-12.png,8,200,image/png,3255402,"0,083166","0,100281",,,"3255,402",,"-1468,06%","-2415,05%",
Cloudflare,image-test-12.png,9,200,image/png,3255402,"0,077747","0,089374",,,"3255,402",,"-1577,35%","-2721,99%",
Cloudflare,image-test-12.png,10,200,image/png,3255402,"0,148146","0,159215",,,"3255,402",,"-780,27%","-1484,10%",
Cloudflare,image-test-12.png,11,200,image/png,3255402,"0,069936","0,079989",,,"3255,402",,"-1764,69%","-3053,09%",
Cloudinary,image-test-1.jpg,1,200,image/webp,1534138,"4,924072","4,943993",,,"1534,138","101,41%","75,45%",,
Cloudinary,image-test-1.jpg,2,200,image/webp,1534138,"0,320608","0,343487","0,0971188","0,1080443","1534,138",,"-277,10%",,
Cloudinary,image-test-1.jpg,3,200,image/webp,1534138,"0,08898","0,096595",,,"1534,138",,"-1258,76%",,
Cloudinary,image-test-1.jpg,4,200,image/webp,1534138,"0,104","0,118077",,,"1534,138",,"-1062,53%",,
Cloudinary,image-test-1.jpg,5,200,image/webp,1534138,"0,069462","0,078949",,,"1534,138",,"-1640,56%",,
Cloudinary,image-test-1.jpg,6,200,image/webp,1534138,"0,061279","0,069547",,,"1534,138",,"-1872,99%",,
Cloudinary,image-test-1.jpg,7,200,image/webp,1534138,"0,071394","0,080356",,,"1534,138",,"-1593,46%",,
Cloudinary,image-test-1.jpg,8,200,image/webp,1534138,"0,074567","0,083805",,,"1534,138",,"-1521,40%",,
Cloudinary,image-test-1.jpg,9,200,image/webp,1534138,"0,063312","0,072804",,,"1534,138",,"-1809,63%",,
Cloudinary,image-test-1.jpg,10,200,image/webp,1534138,"0,059784","0,066538",,,"1534,138",,"-1922,33%",,
Cloudinary,image-test-1.jpg,11,200,image/webp,1534138,"0,057802","0,070285",,,"1534,138",,"-1991,67%",,
Cloudinary,image-test-2.jpg,1,200,image/webp,2601624,"3,782306","3,802869",,,"2601,624","114,73%","68,03%",,
Cloudinary,image-test-2.jpg,2,200,image/webp,2601624,"0,067504","0,084811","0,0706577","0,0855315","2601,624",,"-1691,05%",,
Cloudinary,image-test-2.jpg,3,200,image/webp,2601624,"0,062516","0,075829",,,"2601,624",,"-1833,95%",,
Cloudinary,image-test-2.jpg,4,200,image/webp,2601624,"0,071891","0,083518",,,"2601,624",,"-1581,75%",,
Cloudinary,image-test-2.jpg,5,200,image/webp,2601624,"0,08242","0,095963",,,"2601,624",,"-1366,91%",,
Cloudinary,image-test-2.jpg,6,200,image/webp,2601624,"0,073198","0,102187",,,"2601,624",,"-1551,72%",,
Cloudinary,image-test-2.jpg,7,200,image/webp,2601624,"0,074676","0,087982",,,"2601,624",,"-1519,03%",,
Cloudinary,image-test-2.jpg,8,200,image/webp,2601624,"0,055253","0,066445",,,"2601,624",,"-2088,17%",,
Cloudinary,image-test-2.jpg,9,200,image/webp,2601624,"0,075938","0,090608",,,"2601,624",,"-1492,12%",,
Cloudinary,image-test-2.jpg,10,200,image/webp,2601624,"0,07735","0,09045",,,"2601,624",,"-1463,06%",,
Cloudinary,image-test-2.jpg,11,200,image/webp,2601624,"0,065831","0,077522",,,"2601,624",,"-1736,56%",,
Cloudinary,image-test-3.jpg,1,200,image/webp,866932,"2,568563","2,579052",,,"866,932","27,72%","52,93%",,
Cloudinary,image-test-3.jpg,2,200,image/webp,866932,"0,06893","0,076324","0,1231391","0,1446293","866,932",,"-1653,99%",,
Cloudinary,image-test-3.jpg,3,200,image/webp,866932,"0,063656","0,068907",,,"866,932",,"-1799,31%",,
Cloudinary,image-test-3.jpg,4,200,image/webp,866932,"0,328461","0,477049",,,"866,932",,"-268,09%",,
Cloudinary,image-test-3.jpg,5,200,image/webp,866932,"0,09371","0,102529",,,"866,932",,"-1190,18%",,
Cloudinary,image-test-3.jpg,6,200,image/webp,866932,"0,094819","0,107051",,,"866,932",,"-1175,09%",,
Cloudinary,image-test-3.jpg,7,200,image/webp,866932,"0,08897","0,095482",,,"866,932",,"-1258,92%",,
Cloudinary,image-test-3.jpg,8,200,image/webp,866932,"0,202438","0,212463",,,"866,932",,"-497,23%",,
Cloudinary,image-test-3.jpg,9,200,image/webp,866932,"0,096812","0,102692",,,"866,932",,"-1148,84%",,
Cloudinary,image-test-3.jpg,10,200,image/webp,866932,"0,080182","0,086372",,,"866,932",,"-1407,85%",,
Cloudinary,image-test-3.jpg,11,200,image/webp,866932,"0,113413","0,117424",,,"866,932",,"-966,04%",,
Cloudinary,image-test-4.jpg,1,200,image/webp,997400,"4,919772","4,933105",,,"997,4","16,97%","75,43%",,
Cloudinary,image-test-4.jpg,2,200,image/webp,997400,"0,095964","0,112953","0,0967186","0,1067138","997,4",,"-1159,88%",,
Cloudinary,image-test-4.jpg,3,200,image/webp,997400,"0,085899","0,091213",,,"997,4",,"-1307,50%",,
Cloudinary,image-test-4.jpg,4,200,image/webp,997400,"0,094698","0,117397",,,"997,4",,"-1176,72%",,
Cloudinary,image-test-4.jpg,5,200,image/webp,997400,"0,09212","0,104227",,,"997,4",,"-1212,45%",,
Cloudinary,image-test-4.jpg,6,200,image/webp,997400,"0,088857","0,097902",,,"997,4",,"-1260,64%",,
Cloudinary,image-test-4.jpg,7,200,image/webp,997400,"0,116508","0,12287",,,"997,4",,"-937,72%",,
Cloudinary,image-test-4.jpg,8,200,image/webp,997400,"0,106153","0,111583",,,"997,4",,"-1038,95%",,
Cloudinary,image-test-4.jpg,9,200,image/webp,997400,"0,103453","0,107894",,,"997,4",,"-1068,67%",,
Cloudinary,image-test-4.jpg,10,200,image/webp,997400,"0,101214","0,108013",,,"997,4",,"-1094,53%",,
Cloudinary,image-test-4.jpg,11,200,image/webp,997400,"0,08232","0,093086",,,"997,4",,"-1368,69%",,
Cloudinary,image-test-5.jpg,1,200,image/webp,2446812,"5,833799","5,869617",,,"2446,812","37,51%","79,28%",,
Cloudinary,image-test-5.jpg,2,200,image/webp,2446812,"0,091401","0,108246","0,1006732","0,1144806","2446,812",,"-1222,77%",,
Cloudinary,image-test-5.jpg,3,200,image/webp,2446812,"0,085574","0,098358",,,"2446,812",,"-1312,84%",,
Cloudinary,image-test-5.jpg,4,200,image/webp,2446812,"0,111415","0,128675",,,"2446,812",,"-985,16%",,
Cloudinary,image-test-5.jpg,5,200,image/webp,2446812,"0,101927","0,112584",,,"2446,812",,"-1086,17%",,
Cloudinary,image-test-5.jpg,6,200,image/webp,2446812,"0,094091","0,109681",,,"2446,812",,"-1184,96%",,
Cloudinary,image-test-5.jpg,7,200,image/webp,2446812,"0,132327","0,144288",,,"2446,812",,"-813,67%",,
Cloudinary,image-test-5.jpg,8,200,image/webp,2446812,"0,094346","0,114707",,,"2446,812",,"-1181,48%",,
Cloudinary,image-test-5.jpg,9,200,image/webp,2446812,"0,092255","0,105358",,,"2446,812",,"-1210,53%",,
Cloudinary,image-test-5.jpg,10,200,image/webp,2446812,"0,091752","0,101283",,,"2446,812",,"-1217,71%",,
Cloudinary,image-test-5.jpg,11,200,image/webp,2446812,"0,111644","0,121626",,,"2446,812",,"-982,93%",,
Cloudinary,image-test-6.jpg,1,200,image/webp,1197182,"4,815386","4,83526",,,"1197,182","17,91%","74,89%",,
Cloudinary,image-test-6.jpg,2,200,image/webp,1197182,"0,102155","0,113149","0,1121285","0,1259917","1197,182",,"-1083,52%",,
Cloudinary,image-test-6.jpg,3,200,image/webp,1197182,"0,096616","0,107691",,,"1197,182",,"-1151,37%",,
Cloudinary,image-test-6.jpg,4,200,image/webp,1197182,"0,108043","0,119385",,,"1197,182",,"-1019,02%",,
Cloudinary,image-test-6.jpg,5,200,image/webp,1197182,"0,100422","0,114844",,,"1197,182",,"-1103,95%",,
Cloudinary,image-test-6.jpg,6,200,image/webp,1197182,"0,127949","0,13335",,,"1197,182",,"-844,93%",,
Cloudinary,image-test-6.jpg,7,200,image/webp,1197182,"0,119761","0,128624",,,"1197,182",,"-909,53%",,
Cloudinary,image-test-6.jpg,8,200,image/webp,1197182,"0,146731","0,192989",,,"1197,182",,"-723,98%",,
Cloudinary,image-test-6.jpg,9,200,image/webp,1197182,"0,129021","0,140712",,,"1197,182",,"-837,08%",,
Cloudinary,image-test-6.jpg,10,200,image/webp,1197182,"0,086995","0,096702",,,"1197,182",,"-1289,77%",,
Cloudinary,image-test-6.jpg,11,200,image/webp,1197182,"0,103592","0,112471",,,"1197,182",,"-1067,11%",,
Cloudinary,image-test-7.jpg,1,200,image/webp,1252724,"4,360736","4,496231",,,"1252,724","14,97%","72,27%",,
Cloudinary,image-test-7.jpg,2,200,image/webp,1252724,"0,113418","0,124802","0,1052543","0,1139333","1252,724",,"-965,99%",,
Cloudinary,image-test-7.jpg,3,200,image/webp,1252724,"0,1046","0,115877",,,"1252,724",,"-1055,86%",,
Cloudinary,image-test-7.jpg,4,200,image/webp,1252724,"0,100212","0,110253",,,"1252,724",,"-1106,47%",,
Cloudinary,image-test-7.jpg,5,200,image/webp,1252724,"0,13961","0,145262",,,"1252,724",,"-766,00%",,
Cloudinary,image-test-7.jpg,6,200,image/webp,1252724,"0,076895","0,08196",,,"1252,724",,"-1472,31%",,
Cloudinary,image-test-7.jpg,7,200,image/webp,1252724,"0,140419","0,146463",,,"1252,724",,"-761,01%",,
Cloudinary,image-test-7.jpg,8,200,image/webp,1252724,"0,095046","0,102936",,,"1252,724",,"-1172,04%",,
Cloudinary,image-test-7.jpg,9,200,image/webp,1252724,"0,095125","0,103741",,,"1252,724",,"-1170,99%",,
Cloudinary,image-test-7.jpg,10,200,image/webp,1252724,"0,09628","0,105446",,,"1252,724",,"-1155,74%",,
Cloudinary,image-test-7.jpg,11,200,image/webp,1252724,"0,090938","0,102593",,,"1252,724",,"-1229,51%",,
Cloudinary,image-test-8.jpg,1,400,image/gif,0,"1,977879","1,977938",,,0,"0,00%","38,87%",,
Cloudinary,image-test-8.jpg,2,400,image/gif,0,"0,122533","0,122604","0,099135","0,0991948",0,,"-886,70%",,
Cloudinary,image-test-8.jpg,3,400,image/gif,0,"0,099727","0,09978",,,0,,"-1112,34%",,
Cloudinary,image-test-8.jpg,4,400,image/gif,0,"0,089854","0,089923",,,0,,"-1245,55%",,
Cloudinary,image-test-8.jpg,5,400,image/gif,0,"0,10204","0,1021",,,0,,"-1084,86%",,
Cloudinary,image-test-8.jpg,6,400,image/gif,0,"0,09808","0,098134",,,0,,"-1132,70%",,
Cloudinary,image-test-8.jpg,7,400,image/gif,0,"0,096822","0,096869",,,0,,"-1148,71%",,
Cloudinary,image-test-8.jpg,8,400,image/gif,0,"0,090761","0,090813",,,0,,"-1232,10%",,
Cloudinary,image-test-8.jpg,9,400,image/gif,0,"0,10575","0,105815",,,0,,"-1043,29%",,
Cloudinary,image-test-8.jpg,10,400,image/gif,0,"0,113034","0,113098",,,0,,"-969,61%",,
Cloudinary,image-test-8.jpg,11,400,image/gif,0,"0,072749","0,072812",,,0,,"-1561,92%",,
Cloudinary,image-test-9.png,1,200,image/webp,470502,"3,326254","3,379114",,,"470,502","5,67%","63,65%",,
Cloudinary,image-test-9.png,2,200,image/webp,470502,"0,092649","0,099018","0,0928152","0,0979603","470,502",,"-1204,95%",,
Cloudinary,image-test-9.png,3,200,image/webp,470502,"0,051574","0,055837",,,"470,502",,"-2244,26%",,
Cloudinary,image-test-9.png,4,200,image/webp,470502,"0,052476","0,056801",,,"470,502",,"-2203,96%",,
Cloudinary,image-test-9.png,5,200,image/webp,470502,"0,056555","0,062385",,,"470,502",,"-2037,79%",,
Cloudinary,image-test-9.png,6,200,image/webp,470502,"0,092205","0,099634",,,"470,502",,"-1211,24%",,
Cloudinary,image-test-9.png,7,200,image/webp,470502,"0,054349","0,059499",,,"470,502",,"-2124,56%",,
Cloudinary,image-test-9.png,8,200,image/webp,470502,"0,247886","0,251263",,,"470,502",,"-387,74%",,
Cloudinary,image-test-9.png,9,200,image/webp,470502,"0,089802","0,094782",,,"470,502",,"-1246,33%",,
Cloudinary,image-test-9.png,10,200,image/webp,470502,"0,098061","0,103304",,,"470,502",,"-1132,93%",,
Cloudinary,image-test-9.png,11,200,image/webp,470502,"0,092595","0,09708",,,"470,502",,"-1205,72%",,
Cloudinary,image-test-10.png,1,200,image/webp,308448,"2,088869","2,092203",,,"308,448","14,00%","42,12%",,
Cloudinary,image-test-10.png,2,200,image/webp,308448,"0,099677","0,102042","0,1105147","0,1156009","308,448",,"-1112,95%",,
Cloudinary,image-test-10.png,3,200,image/webp,308448,"0,106625","0,112377",,,"308,448",,"-1033,91%",,
Cloudinary,image-test-10.png,4,200,image/webp,308448,"0,105661","0,111619",,,"308,448",,"-1044,25%",,
Cloudinary,image-test-10.png,5,200,image/webp,308448,"0,17621","0,185371",,,"308,448",,"-586,13%",,
Cloudinary,image-test-10.png,6,200,image/webp,308448,"0,09665","0,100936",,,"308,448",,"-1150,93%",,
Cloudinary,image-test-10.png,7,200,image/webp,308448,"0,109866","0,117078",,,"308,448",,"-1000,46%",,
Cloudinary,image-test-10.png,8,200,image/webp,308448,"0,106818","0,110136",,,"308,448",,"-1031,86%",,
Cloudinary,image-test-10.png,9,200,image/webp,308448,"0,123507","0,127423",,,"308,448",,"-878,91%",,
Cloudinary,image-test-10.png,10,200,image/webp,308448,"0,084089","0,089027",,,"308,448",,"-1337,80%",,
Cloudinary,image-test-10.png,11,200,image/webp,308448,"0,096044","0,1",,,"308,448",,"-1158,83%",,
Cloudinary,image-test-11.png,1,400,image/gif,0,"1,784061","1,784126",,,0,"0,00%","32,23%",,
Cloudinary,image-test-11.png,2,400,image/gif,0,"0,09232","0,09238","0,1053222","0,1054202",0,,"-1209,61%",,
Cloudinary,image-test-11.png,3,400,image/gif,0,"0,116337","0,116656",,,0,,"-939,25%",,
Cloudinary,image-test-11.png,4,400,image/gif,0,"0,098377","0,098442",,,0,,"-1128,97%",,
Cloudinary,image-test-11.png,5,400,image/gif,0,"0,116916","0,116987",,,0,,"-934,10%",,
Cloudinary,image-test-11.png,6,400,image/gif,0,"0,091571","0,091636",,,0,,"-1220,32%",,
Cloudinary,image-test-11.png,7,400,image/gif,0,"0,1334","0,133468",,,0,,"-806,32%",,
Cloudinary,image-test-11.png,8,400,image/gif,0,"0,106276","0,10634",,,0,,"-1037,63%",,
Cloudinary,image-test-11.png,9,400,image/gif,0,"0,103784","0,103834",,,0,,"-1064,95%",,
Cloudinary,image-test-11.png,10,400,image/gif,0,"0,101691","0,101748",,,0,,"-1088,92%",,
Cloudinary,image-test-11.png,11,400,image/gif,0,"0,09255","0,092711",,,0,,"-1206,35%",,
Cloudinary,image-test-12.png,1,200,image/webp,564094,"5,440142","5,44487",,,"564,094","7,49%","77,78%",,
Cloudinary,image-test-12.png,2,200,image/webp,564094,"0,08174","0,08642","0,0955504","0,0996733","564,094",,"-1379,11%",,
Cloudinary,image-test-12.png,3,200,image/webp,564094,"0,096438","0,099305",,,"564,094",,"-1153,68%",,
Cloudinary,image-test-12.png,4,200,image/webp,564094,"0,098535","0,10228",,,"564,094",,"-1127,00%",,
Cloudinary,image-test-12.png,5,200,image/webp,564094,"0,093202","0,095965",,,"564,094",,"-1197,21%",,
Cloudinary,image-test-12.png,6,200,image/webp,564094,"0,115746","0,11864",,,"564,094",,"-944,55%",,
Cloudinary,image-test-12.png,7,200,image/webp,564094,"0,089172","0,093446",,,"564,094",,"-1255,84%",,
Cloudinary,image-test-12.png,8,200,image/webp,564094,"0,117385","0,123192",,,"564,094",,"-929,97%",,
Cloudinary,image-test-12.png,9,200,image/webp,564094,"0,096468","0,100358",,,"564,094",,"-1153,29%",,
Cloudinary,image-test-12.png,10,200,image/webp,564094,"0,084191","0,08934",,,"564,094",,"-1336,05%",,
Cloudinary,image-test-12.png,11,200,image/webp,564094,"0,082627","0,087787",,,"564,094",,"-1363,24%",,
Imgproxy,image-test-1.jpg,1,200,image/avif,1064758,"3,195128","3,773703",,,"1064,758","70,39%","-5,30%",,
Imgproxy,image-test-1.jpg,2,200,image/avif,1064758,"0,300396","0,872824","0,3060701","0,8841849","1064,758",,"-1019,97%",,
Imgproxy,image-test-1.jpg,3,200,image/avif,1064758,"0,304775","0,880352",,,"1064,758",,"-1003,88%",,
Imgproxy,image-test-1.jpg,4,200,image/avif,1064758,"0,303","0,874774",,,"1064,758",,"-1010,34%",,
Imgproxy,image-test-1.jpg,5,200,image/avif,1064758,"0,305408","0,875615",,,"1064,758",,"-1001,59%",,
Imgproxy,image-test-1.jpg,6,200,image/avif,1064758,"0,302803","0,884107",,,"1064,758",,"-1011,07%",,
Imgproxy,image-test-1.jpg,7,200,image/avif,1064758,"0,313822","0,908545",,,"1064,758",,"-972,05%",,
Imgproxy,image-test-1.jpg,8,200,image/avif,1064758,"0,318778","0,90055",,,"1064,758",,"-955,39%",,
Imgproxy,image-test-1.jpg,9,200,image/avif,1064758,"0,310365","0,884681",,,"1064,758",,"-984,00%",,
Imgproxy,image-test-1.jpg,10,200,image/avif,1064758,"0,302043","0,884404",,,"1064,758",,"-1013,86%",,
Imgproxy,image-test-1.jpg,11,200,image/avif,1064758,"0,299311","0,875997",,,"1064,758",,"-1024,03%",,
Imgproxy,image-test-2.jpg,1,200,image/avif,1482858,"2,499338","3,070741",,,"1482,858","65,39%","-34,61%",,
Imgproxy,image-test-2.jpg,2,200,image/avif,1482858,"0,30526","0,977743","0,3034355","0,9272503","1482,858",,"-1002,12%",,
Imgproxy,image-test-2.jpg,3,200,image/avif,1482858,"0,300319","0,877515",,,"1482,858",,"-1020,26%",,
Imgproxy,image-test-2.jpg,4,200,image/avif,1482858,"0,301433","0,968934",,,"1482,858",,"-1016,12%",,
Imgproxy,image-test-2.jpg,5,200,image/avif,1482858,"0,304145","0,892315",,,"1482,858",,"-1006,16%",,
Imgproxy,image-test-2.jpg,6,200,image/avif,1482858,"0,314664","0,893802",,,"1482,858",,"-969,19%",,
Imgproxy,image-test-2.jpg,7,200,image/avif,1482858,"0,299943","0,87096",,,"1482,858",,"-1021,66%",,
Imgproxy,image-test-2.jpg,8,200,image/avif,1482858,"0,300222","0,967395",,,"1482,858",,"-1020,62%",,
Imgproxy,image-test-2.jpg,9,200,image/avif,1482858,"0,301562","0,967299",,,"1482,858",,"-1015,64%",,
Imgproxy,image-test-2.jpg,10,200,image/avif,1482858,"0,303139","0,975782",,,"1482,858",,"-1009,84%",,
Imgproxy,image-test-2.jpg,11,200,image/avif,1482858,"0,303668","0,880758",,,"1482,858",,"-1007,90%",,
Imgproxy,image-test-3.jpg,1,200,image/avif,476271,"1,475094","2,043908",,,"476,271","15,23%","-128,08%",,
Imgproxy,image-test-3.jpg,2,200,image/avif,476271,"0,302786","0,775733","0,3027486","0,7788504","476,271",,"-1011,13%",,
Imgproxy,image-test-3.jpg,3,200,image/avif,476271,"0,30147","0,775847",,,"476,271",,"-1015,98%",,
Imgproxy,image-test-3.jpg,4,200,image/avif,476271,"0,304842","0,77756",,,"476,271",,"-1003,64%",,
Imgproxy,image-test-3.jpg,5,200,image/avif,476271,"0,30174","0,778538",,,"476,271",,"-1014,98%",,
Imgproxy,image-test-3.jpg,6,200,image/avif,476271,"0,302222","0,775416",,,"476,271",,"-1013,20%",,
Imgproxy,image-test-3.jpg,7,200,image/avif,476271,"0,298462","0,774818",,,"476,271",,"-1027,23%",,
Imgproxy,image-test-3.jpg,8,200,image/avif,476271,"0,311097","0,788167",,,"476,271",,"-981,45%",,
Imgproxy,image-test-3.jpg,9,200,image/avif,476271,"0,304577","0,782844",,,"476,271",,"-1004,60%",,
Imgproxy,image-test-3.jpg,10,200,image/avif,476271,"0,298451","0,778367",,,"476,271",,"-1027,27%",,
Imgproxy,image-test-3.jpg,11,200,image/avif,476271,"0,301839","0,781214",,,"476,271",,"-1014,62%",,
Imgproxy,image-test-4.jpg,1,200,image/avif,736799,"3,508613","4,184353",,,"736,799","12,53%","4,11%",,
Imgproxy,image-test-4.jpg,2,200,image/avif,736799,"0,297981","0,869865","0,302513","0,8454773","736,799",,"-1029,05%",,
Imgproxy,image-test-4.jpg,3,200,image/avif,736799,"0,307159","0,884848",,,"736,799",,"-995,31%",,
Imgproxy,image-test-4.jpg,4,200,image/avif,736799,"0,301202","0,869587",,,"736,799",,"-1016,97%",,
Imgproxy,image-test-4.jpg,5,200,image/avif,736799,"0,305629","0,782994",,,"736,799",,"-1000,79%",,
Imgproxy,image-test-4.jpg,6,200,image/avif,736799,"0,303199","0,870064",,,"736,799",,"-1009,62%",,
Imgproxy,image-test-4.jpg,7,200,image/avif,736799,"0,300795","0,961524",,,"736,799",,"-1018,48%",,
Imgproxy,image-test-4.jpg,8,200,image/avif,736799,"0,300447","0,780185",,,"736,799",,"-1019,78%",,
Imgproxy,image-test-4.jpg,9,200,image/avif,736799,"0,303433","0,872945",,,"736,799",,"-1008,76%",,
Imgproxy,image-test-4.jpg,10,200,image/avif,736799,"0,30019","0,779339",,,"736,799",,"-1020,74%",,
Imgproxy,image-test-4.jpg,11,200,image/avif,736799,"0,305095","0,783422",,,"736,799",,"-1002,72%",,
Imgproxy,image-test-5.jpg,1,200,image/avif,1673920,"4,030954","4,712812",,,"1673,92","25,66%","16,54%",,
Imgproxy,image-test-5.jpg,2,200,image/avif,1673920,"0,302762","0,890293","0,3072659","0,9839535","1673,92",,"-1011,22%",,
Imgproxy,image-test-5.jpg,3,200,image/avif,1673920,"0,323745","0,916758",,,"1673,92",,"-939,20%",,
Imgproxy,image-test-5.jpg,4,200,image/avif,1673920,"0,304491","0,879886",,,"1673,92",,"-1004,91%",,
Imgproxy,image-test-5.jpg,5,200,image/avif,1673920,"0,304748","0,976316",,,"1673,92",,"-1003,98%",,
Imgproxy,image-test-5.jpg,6,200,image/avif,1673920,"0,304364","0,888841",,,"1673,92",,"-1005,37%",,
Imgproxy,image-test-5.jpg,7,200,image/avif,1673920,"0,306021","0,8818",,,"1673,92",,"-999,38%",,
Imgproxy,image-test-5.jpg,8,200,image/avif,1673920,"0,303096","0,979913",,,"1673,92",,"-1009,99%",,
Imgproxy,image-test-5.jpg,9,200,image/avif,1673920,"0,299298","0,872708",,,"1673,92",,"-1024,08%",,
Imgproxy,image-test-5.jpg,10,200,image/avif,1673920,"0,307021","0,975131",,,"1673,92",,"-995,80%",,
Imgproxy,image-test-5.jpg,11,200,image/avif,1673920,"0,317113","1,577889",,,"1673,92",,"-960,93%",,
Imgproxy,image-test-6.jpg,1,200,image/avif,849942,"3,035191","3,797618",,,"849,942","12,71%","-10,84%",,
Imgproxy,image-test-6.jpg,2,200,image/avif,849942,"0,302818","0,781007","0,3085617","0,8559698","849,942",,"-1011,01%",,
Imgproxy,image-test-6.jpg,3,200,image/avif,849942,"0,306241","0,882235",,,"849,942",,"-998,59%",,
Imgproxy,image-test-6.jpg,4,200,image/avif,849942,"0,30668","0,889999",,,"849,942",,"-997,02%",,
Imgproxy,image-test-6.jpg,5,200,image/avif,849942,"0,305052","0,783201",,,"849,942",,"-1002,88%",,
Imgproxy,image-test-6.jpg,6,200,image/avif,849942,"0,300444","0,872376",,,"849,942",,"-1019,79%",,
Imgproxy,image-test-6.jpg,7,200,image/avif,849942,"0,301333","0,883589",,,"849,942",,"-1016,49%",,
Imgproxy,image-test-6.jpg,8,200,image/avif,849942,"0,330842","0,902151",,,"849,942",,"-916,90%",,
Imgproxy,image-test-6.jpg,9,200,image/avif,849942,"0,317126","0,988626",,,"849,942",,"-960,89%",,
Imgproxy,image-test-6.jpg,10,200,image/avif,849942,"0,30957","0,790151",,,"849,942",,"-986,78%",,
Imgproxy,image-test-6.jpg,11,200,image/avif,849942,"0,305511","0,786363",,,"849,942",,"-1001,22%",,
Imgproxy,image-test-7.jpg,1,200,image/avif,917398,"2,13309","2,709299",,,"917,398","10,96%","-57,72%",,
Imgproxy,image-test-7.jpg,2,200,image/avif,917398,"0,302414","0,872436","0,3167244","0,9181808","917,398",,"-1012,50%",,
Imgproxy,image-test-7.jpg,3,200,image/avif,917398,"0,299705","0,979441",,,"917,398",,"-1022,55%",,
Imgproxy,image-test-7.jpg,4,200,image/avif,917398,"0,299915","0,868587",,,"917,398",,"-1021,77%",,
Imgproxy,image-test-7.jpg,5,200,image/avif,917398,"0,446826","1,013309",,,"917,398",,"-652,94%",,
Imgproxy,image-test-7.jpg,6,200,image/avif,917398,"0,303277","0,871851",,,"917,398",,"-1009,33%",,
Imgproxy,image-test-7.jpg,7,200,image/avif,917398,"0,302927","0,972903",,,"917,398",,"-1010,61%",,
Imgproxy,image-test-7.jpg,8,200,image/avif,917398,"0,301328","0,97332",,,"917,398",,"-1016,51%",,
Imgproxy,image-test-7.jpg,9,200,image/avif,917398,"0,308456","0,880802",,,"917,398",,"-990,70%",,
Imgproxy,image-test-7.jpg,10,200,image/avif,917398,"0,300476","0,877082",,,"917,398",,"-1019,67%",,
Imgproxy,image-test-7.jpg,11,200,image/avif,917398,"0,30192","0,872077",,,"917,398",,"-1014,32%",,
Imgproxy,image-test-8.jpg,1,200,image/avif,1786147,"3,952477","4,724416",,,"1786,147","12,17%","14,88%",,
Imgproxy,image-test-8.jpg,2,200,image/avif,1786147,"0,326878","1,008436","0,3064515","0,9699985","1786,147",,"-929,24%",,
Imgproxy,image-test-8.jpg,3,200,image/avif,1786147,"0,303997","0,971904",,,"1786,147",,"-1006,70%",,
Imgproxy,image-test-8.jpg,4,200,image/avif,1786147,"0,303391","0,970564",,,"1786,147",,"-1008,91%",,
Imgproxy,image-test-8.jpg,5,200,image/avif,1786147,"0,305679","0,9736",,,"1786,147",,"-1000,61%",,
Imgproxy,image-test-8.jpg,6,200,image/avif,1786147,"0,301742","0,874294",,,"1786,147",,"-1014,97%",,
Imgproxy,image-test-8.jpg,7,200,image/avif,1786147,"0,304898","0,994613",,,"1786,147",,"-1003,43%",,
Imgproxy,image-test-8.jpg,8,200,image/avif,1786147,"0,301625","0,968555",,,"1786,147",,"-1015,41%",,
Imgproxy,image-test-8.jpg,9,200,image/avif,1786147,"0,30354","0,98988",,,"1786,147",,"-1008,37%",,
Imgproxy,image-test-8.jpg,10,200,image/avif,1786147,"0,306828","0,973204",,,"1786,147",,"-996,49%",,
Imgproxy,image-test-8.jpg,11,200,image/avif,1786147,"0,305937","0,974935",,,"1786,147",,"-999,68%",,
Imgproxy,image-test-9.png,1,200,image/avif,380393,"1,550317","1,937544",,,"380,393","4,59%","-117,01%",,
Imgproxy,image-test-9.png,2,200,image/avif,380393,"0,303083","0,800579","0,3041379","0,7754697","380,393",,"-1010,04%",,
Imgproxy,image-test-9.png,3,200,image/avif,380393,"0,306536","0,782989",,,"380,393",,"-997,54%",,
Imgproxy,image-test-9.png,4,200,image/avif,380393,"0,30205","0,690034",,,"380,393",,"-1013,84%",,
Imgproxy,image-test-9.png,5,200,image/avif,380393,"0,303926","0,777578",,,"380,393",,"-1006,96%",,
Imgproxy,image-test-9.png,6,200,image/avif,380393,"0,315052","0,898453",,,"380,393",,"-967,87%",,
Imgproxy,image-test-9.png,7,200,image/avif,380393,"0,304462","0,778828",,,"380,393",,"-1005,01%",,
Imgproxy,image-test-9.png,8,200,image/avif,380393,"0,299141","0,696035",,,"380,393",,"-1024,67%",,
Imgproxy,image-test-9.png,9,200,image/avif,380393,"0,302482","0,780203",,,"380,393",,"-1012,25%",,
Imgproxy,image-test-9.png,10,200,image/avif,380393,"0,300817","0,773365",,,"380,393",,"-1018,40%",,
Imgproxy,image-test-9.png,11,200,image/avif,380393,"0,30383","0,776633",,,"380,393",,"-1007,31%",,
Imgproxy,image-test-10.png,1,200,image/avif,184904,"0,806688","1,191278",,,"184,904","8,39%","-317,06%",,
Imgproxy,image-test-10.png,2,200,image/avif,184904,"0,305336","0,695125","0,3032901","0,6668885","184,904",,"-1001,85%",,
Imgproxy,image-test-10.png,3,200,image/avif,184904,"0,300019","0,775559",,,"184,904",,"-1021,38%",,
Imgproxy,image-test-10.png,4,200,image/avif,184904,"0,306937","0,594732",,,"184,904",,"-996,10%",,
Imgproxy,image-test-10.png,5,200,image/avif,184904,"0,301982","0,689506",,,"184,904",,"-1014,09%",,
Imgproxy,image-test-10.png,6,200,image/avif,184904,"0,299792","0,679448",,,"184,904",,"-1022,23%",,
Imgproxy,image-test-10.png,7,200,image/avif,184904,"0,301571","0,5854",,,"184,904",,"-1015,61%",,
Imgproxy,image-test-10.png,8,200,image/avif,184904,"0,304603","0,591594",,,"184,904",,"-1004,50%",,
Imgproxy,image-test-10.png,9,200,image/avif,184904,"0,305048","0,688171",,,"184,904",,"-1002,89%",,
Imgproxy,image-test-10.png,10,200,image/avif,184904,"0,304536","0,684984",,,"184,904",,"-1004,74%",,
Imgproxy,image-test-10.png,11,200,image/avif,184904,"0,303077","0,684366",,,"184,904",,"-1010,06%",,
Imgproxy,image-test-11.png,1,200,image/avif,775291,"3,310757","3,792383",,,"775,291","4,66%","-1,62%",,
Imgproxy,image-test-11.png,2,200,image/avif,775291,"0,300472","0,867215","0,3031445","0,8587625","775,291",,"-1019,69%",,
Imgproxy,image-test-11.png,3,200,image/avif,775291,"0,300816","0,878737",,,"775,291",,"-1018,41%",,
Imgproxy,image-test-11.png,4,200,image/avif,775291,"0,308419","0,789998",,,"775,291",,"-990,84%",,
Imgproxy,image-test-11.png,5,200,image/avif,775291,"0,300255","0,870271",,,"775,291",,"-1020,50%",,
Imgproxy,image-test-11.png,6,200,image/avif,775291,"0,301595","0,872235",,,"775,291",,"-1015,52%",,
Imgproxy,image-test-11.png,7,200,image/avif,775291,"0,301389","0,873236",,,"775,291",,"-1016,28%",,
Imgproxy,image-test-11.png,8,200,image/avif,775291,"0,307866","0,876232",,,"775,291",,"-992,79%",,
Imgproxy,image-test-11.png,9,200,image/avif,775291,"0,30425","0,873183",,,"775,291",,"-1005,78%",,
Imgproxy,image-test-11.png,10,200,image/avif,775291,"0,303283","0,901014",,,"775,291",,"-1009,31%",,
Imgproxy,image-test-11.png,11,200,image/avif,775291,"0,3031","0,785504",,,"775,291",,"-1009,98%",,
Imgproxy,image-test-12.png,1,200,image/avif,313598,"1,589507","1,971673",,,"313,598","4,17%","-111,66%",,
Imgproxy,image-test-12.png,2,200,image/avif,313598,"0,301001","0,77641",,,"313,598",,"-1017,72%",,
Imgproxy,image-test-12.png,3,200,image/avif,313598,"0,299346","0,684334",,,"313,598",,"-1023,90%",,
Imgproxy,image-test-12.png,4,200,image/avif,313598,"0,303231","0,682805",,,"313,598",,"-1009,50%",,
Imgproxy,image-test-12.png,5,200,image/avif,313598,"0,301212","0,777057",,,"313,598",,"-1016,94%",,
Imgproxy,image-test-12.png,6,200,image/avif,313598,"0,305081","0,788383",,,"313,598",,"-1002,77%",,
Imgproxy,image-test-12.png,7,200,image/avif,313598,"0,299504","0,774717",,,"313,598",,"-1023,30%",,
Imgproxy,image-test-12.png,8,200,image/avif,313598,"0,30042","0,681263",,,"313,598",,"-1019,88%",,
Imgproxy,image-test-12.png,9,200,image/avif,313598,"0,317079","0,703179",,,"313,598",,"-961,04%",,
Imgproxy,image-test-12.png,10,200,image/avif,313598,"0,301659","0,684233",,,"313,598",,"-1015,28%",,
Imgproxy,image-test-12.png,11,200,image/avif,313598,"0,308624","0,70792",,,"313,598",,"-990,11%",,